Date,Open,High,Low,Close,Volume,Currency
7/1/2010,1243,1244.8,1196,1206.7,257842,USD
7/2/2010,1199,1214,1198.8,1207.7,119623,USD
7/5/2010,1212.2,1215.1,1189.5,1195.1,148108,USD
7/7/2010,1194,1204.4,1185,1198.9,126917,USD
7/8/2010,1202.9,1208.2,1187.3,1196.1,123075,USD
7/9/2010,1198.5,1214.1,1194.6,1209.8,110471,USD
7/12/2010,1212.3,1213.5,1196.1,1198.7,96041,USD
7/13/2010,1197.7,1218.8,1196.5,1213.5,110463,USD
7/14/2010,1212,1218.2,1202.5,1207,107456,USD
7/15/2010,1208.1,1217.3,1203.7,1208.3,102197,USD
7/16/2010,1209,1210.9,1185.8,1188.2,145699,USD
7/19/2010,1193.7,1194.7,1176.9,1181.9,119208,USD
7/20/2010,1183.2,1193.7,1175.1,1191.7,144273,USD
7/21/2010,1191.8,1198,1183,1191.8,146975,USD
7/22/2010,1184.1,1201.2,1180.7,1195.6,134689,USD
7/23/2010,1195.1,1203.9,1183.4,1187.8,137637,USD
7/26/2010,1188,1194.8,1178.6,1183.1,193657,USD
7/27/2010,1182.7,1186.5,1156.9,1158,235880,USD
7/28/2010,1161.1,1165,1155.6,1160.4,206828,USD
7/29/2010,1165.8,1172,1161.6,1171.2,113129,USD
7/30/2010,1170.8,1185.8,1168,1183.9,119041,USD
8/2/2010,1183.8,1193.9,1176.7,1185.4,89850,USD
8/3/2010,1184.8,1193,1181.6,1187.5,67044,USD
8/4/2010,1188.1,1205.5,1187,1195.9,119101,USD
8/5/2010,1197,1202.8,1192,1199.3,76534,USD
8/6/2010,1197.4,1213.3,1194.5,1205.3,105721,USD
8/9/2010,1206.3,1212.1,1201.1,1202.6,69569,USD
8/10/2010,1203.3,1209.9,1192.5,1198,101154,USD
8/11/2010,1206.9,1210.2,1194.2,1199.2,117462,USD
8/12/2010,1200.6,1218.5,1199.5,1216.7,124749,USD
8/13/2010,1216.1,1219.8,1212.3,1216.6,73006,USD
8/16/2010,1216.5,1229.5,1216.2,1226.2,79250,USD
8/17/2010,1227,1231.1,1224.3,1228.3,59875,USD
8/18/2010,1226.8,1234.4,1218.9,1231.4,100667,USD
8/19/2010,1231,1239.5,1229.5,1235.4,86559,USD
8/20/2010,1234.2,1235.6,1223.6,1228.8,74826,USD
8/23/2010,1229.2,1234,1223.5,1228.5,56766,USD
8/24/2010,1227.3,1237.5,1211.7,1233.4,136558,USD
8/25/2010,1232.1,1243.4,1230.9,1241.3,107824,USD
8/26/2010,1242.4,1246,1235.1,1237.7,78447,USD
8/27/2010,1239.1,1244.2,1233.5,1237.9,86006,USD
8/30/2010,1238.9,1240.4,1235,1239.2,38820,USD
8/31/2010,1238.7,1251.8,1233.5,1250.3,109430,USD
9/1/2010,1250.3,1256.6,1244.1,1248.1,109812,USD
9/2/2010,1245.6,1255.2,1245.3,1253.4,73901,USD
9/3/2010,1253.2,1255.6,1239.2,1251.1,107016,USD
9/6/2010,1250.3,1261.6,1246.4,1259.3,109658,USD
9/8/2010,1257.3,1264.7,1254.6,1257.5,107213,USD
9/9/2010,1256.7,1260.5,1243.5,1250.9,119779,USD
9/10/2010,1245.8,1253,1237.9,1246.5,103131,USD
9/13/2010,1247.3,1251,1242.3,1247.1,77440,USD
9/14/2010,1246.6,1276.5,1246,1271.7,170215,USD
9/15/2010,1270.2,1273.5,1264.5,1268.7,102682,USD
9/16/2010,1269.1,1279.5,1266.1,1273.8,99894,USD
9/17/2010,1276.8,1284.4,1273,1277.5,99447,USD
9/20/2010,1277.7,1285.2,1275.6,1280.8,81224,USD
9/21/2010,1280.4,1292.4,1272,1274.3,147878,USD
9/22/2010,1288.7,1298,1287.5,1292.1,124135,USD
9/23/2010,1292.7,1297.5,1288.2,1296.3,106549,USD
9/24/2010,1293.8,1301.6,1290.6,1298.1,110500,USD
9/27/2010,1299.2,1301.3,1295.2,1298.6,76830,USD
9/28/2010,1296.8,1311.8,1276.2,1308.3,205176,USD
9/29/2010,1310.8,1314.8,1306.1,1310.3,118743,USD
9/30/2010,1310.8,1317.5,1297,1309.6,166307,USD
10/1/2010,1309.6,1322,1307.3,1317.8,114682,USD
10/4/2010,1319.7,1321.3,1313.4,1316.8,76022,USD
10/5/2010,1316.1,1342.9,1313.3,1340.3,148408,USD
10/6/2010,1341.3,1351,1340,1347.7,136375,USD
10/7/2010,1350.5,1366,1326.5,1335,267432,USD
10/8/2010,1334.2,1350.8,1325.6,1345.3,190657,USD
10/11/2010,1348.9,1356.3,1341.1,1354.4,107011,USD
10/12/2010,1354.9,1356.3,1341.4,1346.7,135278,USD
10/13/2010,1351.5,1375.7,1350,1370.5,182477,USD
10/14/2010,1372.6,1388.1,1371.1,1377.6,184976,USD
10/15/2010,1381.7,1386.4,1362.7,1372,196829,USD
10/18/2010,1371,1375.6,1353.2,1372.1,134145,USD
10/19/2010,1370.6,1371.7,1328.4,1336,252504,USD
10/20/2010,1334.4,1348.1,1331.1,1344.2,162768,USD
10/21/2010,1345.2,1349.6,1318.2,1325.6,209166,USD
10/22/2010,1325.8,1328.8,1315.6,1325.1,147225,USD
10/25/2010,1329.3,1349.5,1329.3,1338.9,149218,USD
10/26/2010,1340.3,1343.8,1328.1,1338.6,156544,USD
10/27/2010,1340.4,1343.7,1318.6,1322.6,160010,USD
10/28/2010,1325.3,1346.2,1322.9,1342.5,148655,USD
10/29/2010,1344.5,1359.8,1335.2,1357.6,167815,USD
11/1/2010,1359.7,1366.4,1349.1,1350.6,126687,USD
11/2/2010,1351.6,1359.9,1350.2,1356.9,116112,USD
11/3/2010,1357.3,1364.8,1325.5,1337.6,258025,USD
11/4/2010,1349,1393.4,1346.7,1383.1,241404,USD
11/5/2010,1392.5,1398.7,1371.9,1397.7,241404,USD
11/8/2010,1397,1410.4,1386.6,1403.2,176895,USD
11/9/2010,1410,1424.3,1382.2,1410.1,310218,USD
11/10/2010,1392.9,1410,1383.4,1399.3,281249,USD
11/11/2010,1403,1417.6,1396.5,1403.3,178467,USD
11/12/2010,1408.3,1410,1359.3,1365.5,301687,USD
11/15/2010,1371,1376.6,1354.8,1368.5,199636,USD
11/16/2010,1359.8,1364.3,1329,1338.4,296974,USD
11/17/2010,1341,1344.6,1330.1,1336.9,174178,USD
11/18/2010,1336,1359,1334,1353,197603,USD
11/19/2010,1353.8,1362.9,1341,1352.3,166005,USD
11/22/2010,1357,1367.4,1347.9,1357.8,182134,USD
11/23/2010,1365.8,1382.9,1355.6,1377.6,249519,USD
11/24/2010,1377.1,1381,1368.7,1373,189894,USD
11/25/2010,1374,1376.8,1352,1364.3,107801,USD
11/29/2010,1365,1370.7,1354.5,1367.5,184840,USD
11/30/2010,1368.5,1391.1,1364,1386.1,169676,USD
12/1/2010,1387.7,1398.3,1383,1388.3,163758,USD
12/2/2010,1387.6,1399.7,1383.8,1389.3,134387,USD
12/3/2010,1387.1,1417,1385.3,1406.2,159635,USD
12/6/2010,1415.1,1429.4,1409.8,1416.1,144121,USD
12/7/2010,1426,1432.5,1396.7,1409,206639,USD
12/8/2010,1401.3,1405.4,1372.1,1383.2,218896,USD
12/9/2010,1383,1395.6,1381.1,1392.8,125993,USD
12/10/2010,1388.3,1393,1372.7,1384.9,133225,USD
12/13/2010,1385,1400.2,1380.8,1398,112376,USD
12/14/2010,1395.2,1408.9,1392.4,1404.3,134945,USD
12/15/2010,1396.7,1398,1378.2,1386.2,151373,USD
12/16/2010,1378.9,1387.3,1361.6,1371,179528,USD
12/17/2010,1370.4,1379.8,1365.4,1379.2,104813,USD
12/20/2010,1378.9,1388.9,1376.6,1386.1,96158,USD
12/21/2010,1386.1,1393,1381.4,1388.8,83427,USD
12/22/2010,1386.3,1391.7,1383.5,1387.4,61945,USD
12/23/2010,1386.1,1389,1372.6,1380.5,81033,USD
12/27/2010,1378.9,1387,1372.7,1382.9,44354,USD
12/28/2010,1384.2,1407.5,1383.1,1405.6,105803,USD
12/29/2010,1406.9,1414.9,1401.5,1413.5,75104,USD
12/30/2010,1412.2,1415.4,1403.5,1405.9,64915,USD
12/31/2010,1405,1422,1404.6,1421.4,44808,USD
1/3/2011,1420.4,1424.4,1413.1,1422.9,77199,USD
1/4/2011,1414.8,1417.8,1375,1378.8,211907,USD
1/5/2011,1380.7,1385.2,1364,1373.7,202336,USD
1/6/2011,1376.4,1380,1364.3,1371.7,173240,USD
1/7/2011,1371.7,1379,1352.7,1368.9,223830,USD
1/10/2011,1369.8,1376.4,1365,1374.1,118859,USD
1/11/2011,1375.7,1386.8,1372.4,1384.3,152145,USD
1/12/2011,1381.1,1389,1376.3,1385.8,147502,USD
1/13/2011,1387.1,1392.9,1369.1,1387,201998,USD
1/14/2011,1373.6,1377.8,1354.6,1360.5,200388,USD
1/17/2011,1361.2,1376,1356.8,1368.2,165113,USD
1/19/2011,1367.8,1378.9,1365.5,1370.2,137094,USD
1/20/2011,1369.9,1370.9,1342.4,1346.5,242891,USD
1/21/2011,1345.5,1349.7,1337,1341,161567,USD
1/24/2011,1343,1352.4,1331.8,1344.5,182108,USD
1/25/2011,1333.8,1338,1321.9,1332.3,227628,USD
1/26/2011,1331.5,1346.4,1324.3,1333,207998,USD
1/27/2011,1345.9,1347.5,1309.7,1318.4,210699,USD
1/28/2011,1314.9,1348,1309.1,1341.7,251014,USD
1/31/2011,1338.8,1347.2,1323.6,1334.5,156126,USD
2/1/2011,1334,1344.1,1326,1340.3,146591,USD
2/2/2011,1343.5,1345.6,1327.3,1332.1,109740,USD
2/3/2011,1336,1356.6,1325.4,1353,189233,USD
2/4/2011,1356.4,1361,1345.5,1349,141182,USD
2/7/2011,1348.1,1354.5,1344.1,1348.2,79087,USD
2/8/2011,1352.9,1368.7,1348.9,1364.1,135349,USD
2/9/2011,1363.8,1367.7,1358.3,1365.5,109183,USD
2/10/2011,1364.2,1366.8,1351.4,1362.5,120574,USD
2/11/2011,1364,1369.7,1354.3,1360.4,128133,USD
2/14/2011,1358.2,1367.5,1354.4,1365.1,102414,USD
2/15/2011,1362.1,1377.5,1361.3,1374.1,111107,USD
2/16/2011,1374.3,1382.7,1368.3,1375.1,133587,USD
2/17/2011,1376.5,1385.8,1374.6,1385.1,97397,USD
2/18/2011,1385.4,1392.6,1382,1388.6,113558,USD
2/21/2011,1390.1,1411.5,1390.1,1401.1,222807,USD
2/23/2011,1399.4,1417.3,1396,1414,153788,USD
2/24/2011,1412.1,1418.8,1392.2,1415.8,187391,USD
2/25/2011,1401.9,1412.4,1400.1,1409.3,120513,USD
2/28/2011,1411.2,1417,1405.2,1409.9,115324,USD
3/1/2011,1411.6,1435.6,1409.8,1431.2,169542,USD
3/2/2011,1434.9,1441,1428.2,1437.7,160582,USD
3/3/2011,1436.5,1436.9,1410.6,1416.4,202801,USD
3/4/2011,1415.7,1434,1413.8,1428.6,141350,USD
3/7/2011,1435,1445.7,1428.3,1434.5,170662,USD
3/8/2011,1432.3,1437.2,1423.6,1427.2,129914,USD
3/9/2011,1429.7,1436.8,1423.2,1429.6,126006,USD
3/10/2011,1431.1,1431.8,1403,1412.5,204144,USD
3/11/2011,1411.8,1424.6,1404.8,1421.8,171575,USD
3/14/2011,1421.9,1433.5,1418.2,1424.9,107163,USD
3/15/2011,1428.9,1429,1380.7,1392.8,248089,USD
3/16/2011,1394.8,1406.6,1392.3,1396.1,151887,USD
3/17/2011,1400,1405.4,1386.8,1404.2,109183,USD
3/18/2011,1404.9,1424.1,1402.2,1416.1,135868,USD
3/21/2011,1424.2,1435.1,1423.5,1426.4,129779,USD
3/22/2011,1427.3,1432.3,1419.5,1427.6,124759,USD
3/23/2011,1428.9,1441.2,1425.8,1438,138329,USD
3/24/2011,1438,1448.6,1423.7,1434.9,187085,USD
3/25/2011,1433.5,1438.1,1422,1426.2,182739,USD
3/28/2011,1428.5,1430,1410.1,1419.9,178881,USD
3/29/2011,1421,1423.5,1411,1416.2,135792,USD
3/30/2011,1420.2,1431.7,1413.1,1424.9,160217,USD
3/31/2011,1424.4,1441,1421.7,1439.9,129306,USD
4/1/2011,1433.8,1437.8,1413.5,1428.9,165275,USD
4/4/2011,1430,1440.3,1429.1,1433,83872,USD
4/5/2011,1435.6,1458.6,1431,1452.5,166355,USD
4/6/2011,1458.2,1463.7,1452.5,1458.5,131975,USD
4/7/2011,1460.1,1466.5,1453.7,1459.3,109290,USD
4/8/2011,1459.8,1476.4,1457.7,1474.1,123693,USD
4/11/2011,1476.3,1478,1460.2,1468.1,110657,USD
4/12/2011,1465.2,1468.5,1445,1453.6,186445,USD
4/13/2011,1454,1463.7,1452,1455.6,121237,USD
4/14/2011,1458.1,1476.7,1453.2,1472.4,166787,USD
4/15/2011,1476.6,1489.1,1472.2,1486,160619,USD
4/18/2011,1488,1498.6,1477.8,1492.9,199123,USD
4/19/2011,1496.6,1500.5,1488.2,1495.1,131690,USD
4/20/2011,1496.1,1506.5,1493.8,1498.9,147867,USD
4/21/2011,1502,1509.6,1500.4,1503.8,127269,USD
4/25/2011,1510.7,1519.2,1502.2,1509.1,123686,USD
4/26/2011,1507.2,1508.5,1492,1503.5,145615,USD
4/27/2011,1506.9,1530.7,1503.3,1517.1,170035,USD
4/28/2011,1527.8,1538.8,1523.9,1531.2,183542,USD
4/29/2011,1535.3,1569.8,1532.1,1556.4,157177,USD
5/2/2011,1566.8,1577.4,1540.3,1557.1,211656,USD
5/3/2011,1545.2,1551.4,1516.2,1540.4,206734,USD
5/4/2011,1537.7,1543.5,1505.5,1515.3,242222,USD
5/5/2011,1517,1522.1,1462.5,1481.4,334047,USD
5/6/2011,1475.9,1498.5,1471.1,1491.6,264796,USD
5/9/2011,1496.6,1513.9,1489,1503.2,153908,USD
5/10/2011,1512.5,1520,1505.2,1516.9,149351,USD
5/11/2011,1515.9,1526.8,1495.4,1501.4,198028,USD
5/12/2011,1499.2,1509.7,1477.6,1506.8,207428,USD
5/13/2011,1506.5,1516.4,1482,1493.6,184884,USD
5/16/2011,1494.6,1504.3,1486,1490.6,127098,USD
5/17/2011,1490,1497.5,1471.1,1480,190079,USD
5/18/2011,1486.5,1499.7,1484.6,1495.8,145016,USD
5/19/2011,1495.5,1499.6,1485.8,1492.4,162309,USD
5/20/2011,1493.5,1515.8,1486.4,1508.9,194402,USD
5/23/2011,1512.8,1519,1503.7,1515.4,191248,USD
5/24/2011,1517.2,1529,1513.2,1523.3,234391,USD
5/25/2011,1526.2,1532.5,1521.3,1526.7,194947,USD
5/26/2011,1526,1531.1,1514.6,1522.8,186986,USD
5/27/2011,1520.2,1539.5,1520,1537.3,138115,USD
5/30/2011,1538.1,1541.9,1533.1,1536.8,114703,USD
6/1/2011,1536.6,1551.6,1530.4,1543.2,153611,USD
6/2/2011,1542.2,1545.5,1520.4,1532.7,151694,USD
6/3/2011,1535,1548.4,1524.9,1542.4,153260,USD
6/6/2011,1544.5,1555,1541.6,1547.2,100185,USD
6/7/2011,1545,1551.4,1537,1544,113974,USD
6/8/2011,1545,1547.4,1531.8,1538.7,111685,USD
6/9/2011,1538.3,1550.8,1534,1542.7,108430,USD
6/10/2011,1545.1,1546.5,1526.7,1529.2,129478,USD
6/13/2011,1530.7,1533.9,1511.4,1515.6,117009,USD
6/14/2011,1516.5,1527.6,1512.8,1524.4,115384,USD
6/15/2011,1525.1,1535.7,1514.5,1526.2,152879,USD
6/16/2011,1531,1534,1522,1529.9,113355,USD
6/17/2011,1529.1,1543,1523.2,1539.1,119736,USD
6/20/2011,1541.3,1548.2,1533.6,1542,95171,USD
6/21/2011,1541.1,1549,1539.3,1546.4,95541,USD
6/22/2011,1547.9,1559.3,1542,1553.4,140559,USD
6/23/2011,1548.5,1549.6,1511.5,1520.5,238418,USD
6/24/2011,1522.7,1526.5,1498.5,1500.9,182170,USD
6/27/2011,1500.9,1506.1,1490.8,1496.4,128943,USD
6/28/2011,1496.8,1507,1495.5,1500.2,101389,USD
6/29/2011,1502.5,1513.8,1500.8,1510.4,101480,USD
6/30/2011,1512.3,1514.8,1499.1,1502.8,134201,USD
7/1/2011,1501.5,1503,1478.3,1482.6,145346,USD
7/4/2011,1486.8,1518,1486.2,1512.7,137184,USD
7/6/2011,1516.2,1534.5,1510.3,1529.2,142652,USD
7/7/2011,1529.7,1534.9,1522.2,1530.6,117622,USD
7/8/2011,1532.5,1546,1525,1541.6,159728,USD
7/11/2011,1545,1557.6,1542.1,1549.2,147083,USD
7/12/2011,1554.8,1574.3,1541.1,1562.3,176605,USD
7/13/2011,1568,1588.9,1564.6,1585.5,210275,USD
7/14/2011,1584.2,1594.9,1579.4,1589.3,189976,USD
7/15/2011,1587.6,1594.5,1576,1590.1,123384,USD
7/18/2011,1594.3,1607.9,1591.4,1602.4,139693,USD
7/19/2011,1606.1,1610.7,1582.7,1601.1,194070,USD
7/20/2011,1587.7,1602.6,1581.1,1596.9,153916,USD
7/21/2011,1601.9,1605,1584.9,1587,189183,USD
7/22/2011,1589.7,1607.7,1583.2,1601.5,158421,USD
7/25/2011,1607.9,1624.3,1603.8,1612.2,209057,USD
7/26/2011,1614.8,1620.8,1607.8,1616.8,211465,USD
7/27/2011,1619.8,1628.8,1608.9,1615.1,232220,USD
7/28/2011,1616.2,1622.8,1605,1616.2,163995,USD
7/29/2011,1619.5,1637.5,1613,1631.2,153054,USD
8/1/2011,1622.2,1634.5,1608.2,1621.7,156244,USD
8/2/2011,1622.6,1664.5,1618.8,1644.5,173572,USD
8/3/2011,1662.5,1675.9,1654.4,1666.3,204437,USD
8/4/2011,1662.9,1684.9,1642.2,1659,310247,USD
8/5/2011,1649.7,1673,1644.2,1651.8,218360,USD
8/8/2011,1681.7,1723.4,1681.7,1713.2,278274,USD
8/9/2011,1719.9,1782.5,1717.7,1743,398589,USD
8/10/2011,1747.4,1801,1740.2,1784.3,296968,USD
8/11/2011,1798,1817.6,1734.5,1751.5,347101,USD
8/12/2011,1767.5,1770.9,1725.8,1742.6,210578,USD
8/15/2011,1747.1,1769.3,1730.8,1758,127711,USD
8/16/2011,1768.5,1790,1763.6,1785,168060,USD
8/17/2011,1788.5,1797.6,1781.6,1793.8,137235,USD
8/18/2011,1792.2,1832,1786.8,1822,223989,USD
8/19/2011,1827.1,1881.4,1824.5,1852.2,281310,USD
8/22/2011,1862.9,1904,1858,1891.9,253907,USD
8/23/2011,1900.2,1917.9,1826,1861.3,366699,USD
8/24/2011,1831.5,1856.8,1751.6,1757.3,440826,USD
8/25/2011,1753,1777.5,1705.4,1763.2,384694,USD
8/26/2011,1776.4,1832.5,1759.5,1797.3,265243,USD
8/29/2011,1840,1841.5,1778.1,1791.6,186016,USD
8/30/2011,1791.3,1845.1,1786.2,1829.8,184591,USD
8/31/2011,1837.6,1842.7,1813.6,1831.7,165623,USD
9/1/2011,1826.2,1833.6,1815.5,1829.1,138082,USD
9/2/2011,1827.9,1887.4,1826.9,1876.9,180277,USD
9/5/2011,1879.9,1923.7,1861.8,1873.3,414591,USD
9/7/2011,1876,1883.2,1793.8,1817.6,316257,USD
9/8/2011,1819.5,1873.3,1816.2,1857.5,218499,USD
9/9/2011,1871.9,1889.1,1825.5,1859.5,273998,USD
9/12/2011,1862.2,1865.2,1804,1813.3,226772,USD
9/13/2011,1816.8,1847.5,1794.8,1830.1,186087,USD
9/14/2011,1837.3,1848.2,1811.5,1826.5,172648,USD
9/15/2011,1824,1829.7,1775,1781.4,237735,USD
9/16/2011,1790.5,1825,1765.4,1814.7,190164,USD
9/19/2011,1820,1832.9,1771,1778.9,189056,USD
9/20/2011,1780.9,1814.3,1772,1809.1,174850,USD
9/21/2011,1806,1819.4,1781,1808.1,190869,USD
9/22/2011,1782.3,1789,1723.2,1741.7,278040,USD
9/23/2011,1739,1757.9,1631.7,1639.8,359497,USD
9/26/2011,1660,1666.3,1535,1594.8,373462,USD
9/27/2011,1629.2,1679.2,1616.8,1652.5,228887,USD
9/28/2011,1653.1,1672,1600.5,1618.1,218351,USD
9/29/2011,1609.3,1637.9,1585,1617.3,193524,USD
9/30/2011,1618.3,1642.5,1607.8,1622.3,152884,USD
10/3/2011,1625.1,1667,1620,1657.7,141395,USD
10/4/2011,1662.5,1681.5,1597.6,1616,200942,USD
10/5/2011,1626.8,1648.9,1596.6,1641.6,154703,USD
10/6/2011,1643.5,1657,1633.2,1653.2,124276,USD
10/7/2011,1653.4,1668,1627.6,1635.8,129495,USD
10/10/2011,1640.5,1679.7,1639.9,1670.8,92090,USD
10/11/2011,1678.3,1686.7,1655.4,1661,110057,USD
10/12/2011,1664.7,1693.9,1662,1682.6,112765,USD
10/13/2011,1677.3,1686.1,1654.3,1668.5,115586,USD
10/14/2011,1669,1685.5,1662.5,1683,95596,USD
10/17/2011,1683.8,1696.8,1665.4,1676.6,114497,USD
10/18/2011,1672.5,1678.2,1628.2,1652.8,195659,USD
10/19/2011,1656.4,1666.9,1641.1,1647,118146,USD
10/20/2011,1645.3,1646.5,1604.7,1612.9,188355,USD
10/21/2011,1620.9,1649.8,1612.8,1636.1,127052,USD
10/24/2011,1643,1663.3,1636.6,1652.3,110137,USD
10/25/2011,1654.1,1710.7,1644.6,1700.4,195637,USD
10/26/2011,1707.1,1728,1696.5,1723.5,151505,USD
10/27/2011,1726.9,1751.3,1707.2,1747.7,156347,USD
10/28/2011,1746.2,1754,1733,1747.2,107441,USD
10/31/2011,1743.1,1746.5,1705.5,1725.2,122243,USD
11/1/2011,1715.7,1725.6,1681.2,1711.8,174289,USD
11/2/2011,1721.5,1745.6,1715.5,1729.6,148068,USD
11/3/2011,1738.9,1769.5,1724,1765.1,162545,USD
11/4/2011,1766.5,1766.5,1749.8,1756.1,88468,USD
11/7/2011,1756.1,1799.9,1754,1791.1,150464,USD
11/8/2011,1795.8,1804.4,1778.3,1799.2,133687,USD
11/9/2011,1787.4,1801.1,1765.1,1791.6,161799,USD
11/10/2011,1771,1776.9,1736.6,1759.6,172534,USD
11/11/2011,1759.6,1791.1,1745,1788.1,106879,USD
11/14/2011,1789.4,1797.6,1774.2,1778.4,87588,USD
11/15/2011,1782,1787.8,1760.9,1782.2,132676,USD
11/16/2011,1782.3,1784.8,1753.9,1774.3,172664,USD
11/17/2011,1764.7,1768,1711,1720.2,229938,USD
11/18/2011,1721.5,1738.5,1711.4,1725.1,147927,USD
11/21/2011,1725.1,1727.4,1667.1,1678.6,209402,USD
11/22/2011,1678.5,1706.4,1667.5,1702.4,182848,USD
11/23/2011,1699.9,1710.8,1677.1,1695.9,173328,USD
11/24/2011,1693.4,1702.7,1672.6,1685.7,139442,USD
11/28/2011,1685.4,1722.4,1684,1710.8,175525,USD
11/29/2011,1715.3,1724.1,1707.2,1718.9,158257,USD
11/30/2011,1722.7,1754.7,1704.3,1750.3,187239,USD
12/1/2011,1752.5,1758,1737.2,1739.8,113555,USD
12/2/2011,1748.5,1767.1,1741.7,1751.3,107014,USD
12/5/2011,1751,1758.8,1721.1,1734.5,117520,USD
12/6/2011,1727.2,1736.9,1705.7,1731.8,133426,USD
12/7/2011,1733,1747,1723.6,1744.8,105726,USD
12/8/2011,1746.8,1760.5,1707.8,1713.4,173374,USD
12/9/2011,1708.9,1727.9,1704.9,1716.8,105584,USD
12/12/2011,1716.8,1718.6,1660.3,1668.2,165096,USD
12/13/2011,1668,1681.7,1625.5,1663.1,182892,USD
12/14/2011,1631.6,1645.8,1565.7,1586.9,283563,USD
12/15/2011,1580,1596.5,1562.5,1577.2,189916,USD
12/16/2011,1573.3,1603.5,1572.1,1597.9,137428,USD
12/19/2011,1603.5,1611.5,1585.5,1596.7,121278,USD
12/20/2011,1595.5,1620.8,1594.1,1617.6,101146,USD
12/21/2011,1617.2,1643.7,1607.7,1613.6,125152,USD
12/22/2011,1617.1,1618.6,1599.1,1610.6,96547,USD
12/23/2011,1607.8,1615.6,1604,1606,40681,USD
12/27/2011,1609.2,1609.2,1591.1,1595.5,46351,USD
12/28/2011,1593.9,1595,1550.9,1564.1,114256,USD
12/29/2011,1557.1,1562.8,1523.9,1540.9,132782,USD
12/30/2011,1547.3,1582.8,1546.2,1566.8,94315,USD
1/3/2012,1571,1608.7,1566.8,1600.5,112937,USD
1/4/2012,1604.9,1619.8,1593.8,1612.7,154215,USD
1/5/2012,1614.4,1626.8,1597.7,1620.1,176473,USD
1/6/2012,1622.4,1632.3,1609,1616.8,155211,USD
1/9/2012,1617.7,1624.6,1605.7,1608.1,134386,USD
1/10/2012,1612.3,1641.4,1609.2,1631.5,168405,USD
1/11/2012,1632.4,1648,1630.8,1639.6,144552,USD
1/12/2012,1643.5,1662.9,1640.9,1647.7,146826,USD
1/13/2012,1649.8,1650.7,1625.7,1630.8,177525,USD
1/16/2012,1635.8,1668,1631.9,1655.6,193658,USD
1/18/2012,1651.5,1662.9,1642.1,1659.9,157218,USD
1/19/2012,1660.7,1670.6,1649.2,1654.5,130752,USD
1/20/2012,1657,1667.3,1645.2,1664,127005,USD
1/23/2012,1665.2,1681.8,1663,1678.3,131456,USD
1/24/2012,1677.1,1680,1661,1664.5,137344,USD
1/25/2012,1666.5,1713.2,1649.2,1700.1,240476,USD
1/26/2012,1710.9,1731.5,1703,1726.7,226656,USD
1/27/2012,1724.4,1743,1717.2,1735.4,149457,USD
1/30/2012,1739.6,1742.8,1718.8,1734.4,133373,USD
1/31/2012,1734.4,1750.6,1727,1740.4,157876,USD
2/1/2012,1739.8,1754,1735.4,1749.5,124538,USD
2/2/2012,1747.3,1764,1743.3,1759.3,142034,USD
2/3/2012,1761.7,1765.9,1726.2,1740.3,191907,USD
2/6/2012,1731,1740.9,1714,1724.9,137271,USD
2/7/2012,1722.5,1752.6,1712.6,1748.4,161623,USD
2/8/2012,1747.7,1754.8,1726,1731.3,151075,USD
2/9/2012,1734.4,1755.5,1728.1,1741.2,163236,USD
2/10/2012,1731.1,1737.2,1706.4,1725.3,178134,USD
2/13/2012,1727.4,1735.4,1717.7,1724.9,103506,USD
2/14/2012,1724,1729.9,1713.8,1717.7,148107,USD
2/15/2012,1723,1739.2,1720.3,1728.1,140860,USD
2/16/2012,1730.1,1731.6,1706.7,1728.4,166951,USD
2/17/2012,1730.4,1737.5,1718.6,1725.9,116795,USD
2/20/2012,1728.4,1761.9,1727,1758.5,202405,USD
2/22/2012,1761.4,1783.4,1750.7,1771.3,176268,USD
2/23/2012,1778.3,1789.5,1773.3,1786.3,153929,USD
2/24/2012,1782,1784.4,1771.3,1776.4,139752,USD
2/27/2012,1776.8,1781,1762.6,1774.9,132504,USD
2/28/2012,1770.2,1792.7,1767,1788.4,158913,USD
2/29/2012,1786.2,1792.3,1688.4,1711.3,343493,USD
3/1/2012,1695.6,1727.3,1695.1,1722.2,239499,USD
3/2/2012,1719.7,1725.4,1705.4,1709.8,147086,USD
3/5/2012,1712.4,1718,1694.4,1703.9,158938,USD
3/6/2012,1707.4,1709.8,1663.4,1672.1,237112,USD
3/7/2012,1675,1688.7,1671.7,1683.9,157557,USD
3/8/2012,1685.7,1704.8,1683.6,1698.7,156218,USD
3/9/2012,1700.5,1716.5,1677,1711.5,206573,USD
3/12/2012,1715,1717.4,1692.5,1699.8,152099,USD
3/13/2012,1700.8,1706.2,1662.1,1694.2,209911,USD
3/14/2012,1675.2,1682.8,1634.7,1642.9,279269,USD
3/15/2012,1643.2,1667.4,1636.2,1659.5,180716,USD
3/16/2012,1657.8,1664.9,1639.7,1655.8,160610,USD
3/19/2012,1659,1670.1,1652.3,1667.3,135038,USD
3/20/2012,1664.6,1664.9,1641.2,1647,154433,USD
3/21/2012,1650.8,1661.9,1646.3,1650.3,139650,USD
3/22/2012,1649.6,1656.6,1627.5,1642.5,175716,USD
3/23/2012,1644.1,1666.3,1641.5,1662.4,144592,USD
3/26/2012,1662.2,1693.4,1655.1,1685.6,195612,USD
3/27/2012,1690.2,1696.9,1678.6,1684.9,175344,USD
3/28/2012,1679.3,1684.5,1654,1657.9,193107,USD
3/29/2012,1664.6,1666.9,1646.7,1654.9,163878,USD
3/30/2012,1663.2,1672.7,1661.2,1671.9,111161,USD
4/2/2012,1671.5,1685.4,1664.4,1679.7,110017,USD
4/3/2012,1678.6,1682.7,1640.2,1672,156003,USD
4/4/2012,1645.8,1649.5,1613,1614.1,201938,USD
4/5/2012,1622,1634.8,1620.7,1630.1,128046,USD
4/9/2012,1641,1649.9,1636.7,1643.9,83338,USD
4/10/2012,1643,1664.8,1632.5,1660.7,177501,USD
4/11/2012,1660.7,1663.9,1653.5,1660.3,102788,USD
4/12/2012,1660.3,1681.3,1651,1680.6,141531,USD
4/13/2012,1676.6,1679.2,1649.7,1660.2,127471,USD
4/16/2012,1658.7,1659.6,1642,1649.7,114468,USD
4/17/2012,1653.7,1658.4,1635.2,1651.1,142002,USD
4/18/2012,1650.8,1655.2,1638.1,1639.6,106988,USD
4/19/2012,1643,1654.9,1631.2,1641.4,161296,USD
4/20/2012,1643.2,1648.2,1638.6,1642.8,87025,USD
4/23/2012,1642.8,1644.2,1623.6,1632.6,125013,USD
4/24/2012,1639.6,1650.1,1634.6,1643.8,107793,USD
4/25/2012,1642.2,1647.6,1625,1642.3,166069,USD
4/26/2012,1644.5,1662,1642.5,1660.5,130313,USD
4/27/2012,1657.3,1668.4,1651.1,1664.8,97633,USD
4/30/2012,1663,1667,1645.1,1664.2,115408,USD
5/1/2012,1666.1,1672.3,1657.5,1662.4,105171,USD
5/2/2012,1663,1663.9,1646,1654,129795,USD
5/3/2012,1654,1654.3,1631.3,1634.8,151919,USD
5/4/2012,1636.4,1648,1626.8,1645.2,144960,USD
5/7/2012,1643.3,1644,1632.2,1639.1,91445,USD
5/8/2012,1638.9,1639.5,1595.5,1604.5,218708,USD
5/9/2012,1605.9,1607,1578.5,1594.2,210608,USD
5/10/2012,1589.7,1602.2,1585,1595.5,138244,USD
5/11/2012,1593.5,1595.2,1572,1584,151009,USD
5/14/2012,1585.5,1585.8,1555,1561,162291,USD
5/15/2012,1557.2,1564.4,1541.2,1557.1,159325,USD
5/16/2012,1544.9,1552.2,1526.7,1536.6,252560,USD
5/17/2012,1538.6,1579.8,1538.4,1574.9,211541,USD
5/18/2012,1574.5,1597.5,1567.8,1591.9,176041,USD
5/21/2012,1590.2,1599,1584.5,1588.7,140539,USD
5/22/2012,1593,1594.4,1561,1576.6,175858,USD
5/23/2012,1567.4,1568.5,1532.8,1548.4,259185,USD
5/24/2012,1560.8,1577.7,1551,1557.5,197533,USD
5/25/2012,1557.6,1573.7,1550.7,1568.9,157335,USD
5/28/2012,1573.6,1583.5,1545.7,1548.7,259050,USD
5/30/2012,1555.8,1571,1532.1,1565.7,273695,USD
5/31/2012,1564.1,1574.6,1553,1564.2,177334,USD
6/1/2012,1561.8,1632,1545.5,1622.1,307040,USD
6/4/2012,1626.8,1629.7,1610,1613.9,135236,USD
6/5/2012,1619.9,1624.8,1612.5,1616.9,96218,USD
6/6/2012,1618.5,1642.4,1614.4,1634.2,184614,USD
6/7/2012,1621.4,1630.7,1579.4,1588,254777,USD
6/8/2012,1590.3,1596.3,1556.4,1591.4,158606,USD
6/11/2012,1602.8,1609.3,1582.7,1596.8,116635,USD
6/12/2012,1597.6,1618.9,1586.4,1613.8,149667,USD
6/13/2012,1611.1,1626,1607,1619.4,128377,USD
6/14/2012,1619,1629,1610.4,1619.6,153140,USD
6/15/2012,1624,1635.4,1620.4,1628.1,130137,USD
6/18/2012,1630,1631.3,1606.9,1627,120675,USD
6/19/2012,1627.3,1634.3,1618.1,1623.2,124749,USD
6/20/2012,1619.3,1623.6,1590.5,1615.8,210736,USD
6/21/2012,1607.7,1608.2,1564.8,1565.5,214302,USD
6/22/2012,1565.7,1574.1,1558.6,1566.9,120470,USD
6/25/2012,1572.6,1589,1566.9,1588.4,114462,USD
6/26/2012,1588.4,1588.4,1568.2,1574.9,103440,USD
6/27/2012,1572.6,1584.6,1563.1,1578.4,115527,USD
6/28/2012,1574.6,1579.6,1547.6,1550.4,139961,USD
6/29/2012,1551.8,1607.8,1551.3,1604.2,190835,USD
7/2/2012,1599.6,1603.6,1587.4,1597.7,98936,USD
7/3/2012,1597.5,1625.7,1595.3,1621.8,112150,USD
7/4/2012,1617.6,1624.5,1597.5,1609.4,172550,USD
7/6/2012,1605.2,1610.6,1576.4,1578.9,161742,USD
7/9/2012,1582.4,1593.1,1576,1589.1,98066,USD
7/10/2012,1589.1,1602,1564.4,1579.8,151155,USD
7/11/2012,1565.8,1583.4,1565.5,1575.7,140490,USD
7/12/2012,1576.3,1577.9,1554.4,1565.3,171190,USD
7/13/2012,1571.2,1596.5,1565.6,1592,129985,USD
7/16/2012,1591.5,1594.6,1577.2,1591.6,101745,USD
7/17/2012,1588.6,1598.8,1571,1589.5,141888,USD
7/18/2012,1583,1585.7,1567.2,1570.8,133067,USD
7/19/2012,1573,1591.5,1572.1,1580.4,134865,USD
7/20/2012,1581,1586.7,1572.6,1582.8,122585,USD
7/23/2012,1581.6,1582.4,1562,1577.4,141477,USD
7/24/2012,1575.9,1584,1567.8,1576.2,158537,USD
7/25/2012,1580.2,1610,1577.9,1608.1,212741,USD
7/26/2012,1604.5,1621.5,1600.2,1615.1,188616,USD
7/27/2012,1620.5,1633.3,1615.4,1622.7,118267,USD
7/30/2012,1627.5,1630,1617.6,1624,111653,USD
7/31/2012,1625.6,1631.6,1614.2,1614.6,124765,USD
8/1/2012,1617.5,1621.8,1595,1607.3,156106,USD
8/2/2012,1602.8,1618.8,1586.3,1590.7,158560,USD
8/3/2012,1592.3,1609.9,1588.5,1609.3,126858,USD
8/6/2012,1607.7,1618.4,1605.3,1616.2,79352,USD
8/7/2012,1614.5,1621.3,1611,1612.8,86450,USD
8/8/2012,1614.7,1619.5,1605.9,1616,84409,USD
8/9/2012,1615.1,1621,1612.2,1620.2,69240,USD
8/10/2012,1620.2,1629.7,1606.6,1622.8,112185,USD
8/13/2012,1624.7,1628.2,1609.7,1612.6,96667,USD
8/14/2012,1612.6,1618.9,1593.6,1602.4,118540,USD
8/15/2012,1601.2,1608.8,1592.1,1606.6,101682,USD
8/16/2012,1605.8,1622,1603,1619.2,107456,USD
8/17/2012,1616.7,1623,1613.3,1619.4,77285,USD
8/20/2012,1618.5,1624.7,1611.8,1623,69468,USD
8/21/2012,1623.1,1643.6,1620.8,1642.9,128719,USD
8/22/2012,1640.2,1658.2,1636.3,1640.5,138502,USD
8/23/2012,1654.5,1677.5,1654.5,1672.8,157054,USD
8/24/2012,1672.6,1676.3,1665.1,1672.9,102664,USD
8/27/2012,1673.2,1679.3,1665.5,1675.6,76962,USD
8/28/2012,1666,1674.9,1659.1,1669.7,105051,USD
8/29/2012,1668.8,1672.5,1654.4,1663,112444,USD
8/30/2012,1658.7,1666.7,1652.3,1657.1,96786,USD
8/31/2012,1657.8,1695.5,1647.1,1687.6,195805,USD
9/3/2012,1693.4,1701.6,1687.6,1696,179166,USD
9/5/2012,1697.6,1698.4,1689.6,1694,101574,USD
9/6/2012,1695.7,1716.9,1693.7,1705.6,176797,USD
9/7/2012,1703.7,1745.4,1691.3,1740.5,216526,USD
9/10/2012,1738,1742.3,1727,1731.8,111150,USD
9/11/2012,1728.7,1740.5,1728,1734.9,109346,USD
9/12/2012,1734.5,1749.5,1727.3,1733.7,182989,USD
9/13/2012,1733.1,1775,1720,1772.1,260342,USD
9/14/2012,1769.4,1780.2,1767.7,1772.7,195524,USD
9/17/2012,1773.5,1778.9,1756.2,1770.6,118555,USD
9/18/2012,1764.2,1775.9,1753.2,1771.2,163628,USD
9/19/2012,1773.4,1781.8,1764.2,1771.7,162962,USD
9/20/2012,1772.4,1774.9,1757.7,1770.2,144572,USD
9/21/2012,1770.2,1790,1769.1,1778,185293,USD
9/24/2012,1774.7,1775.3,1757.9,1764.6,159194,USD
9/25/2012,1766.2,1777.9,1761,1766.4,157676,USD
9/26/2012,1762.7,1768.4,1738.3,1753.6,196374,USD
9/27/2012,1756.3,1782.9,1753.2,1780.5,181476,USD
9/28/2012,1780,1785.9,1769.5,1773.9,156934,USD
10/1/2012,1773.7,1794.4,1765.7,1783.3,190607,USD
10/2/2012,1780,1786.6,1772.3,1775.6,119797,USD
10/3/2012,1776.2,1784,1773,1779.8,119091,USD
10/4/2012,1780,1797.7,1779.9,1796.5,161985,USD
10/5/2012,1792.6,1798.1,1774.5,1780.8,158446,USD
10/8/2012,1782,1782.5,1768.2,1775.7,95898,USD
10/9/2012,1777.8,1781.6,1762,1765,140493,USD
10/10/2012,1766,1770,1758.5,1765.1,129541,USD
10/11/2012,1764.9,1776.6,1760.2,1770.6,117573,USD
10/12/2012,1769.7,1775,1753.5,1759.7,130391,USD
10/15/2012,1755.2,1755.5,1729.7,1737.6,172769,USD
10/16/2012,1738,1749.6,1736.1,1746.3,105627,USD
10/17/2012,1750,1755,1744,1753,112841,USD
10/18/2012,1750.9,1753.4,1739,1744.7,106130,USD
10/19/2012,1742.4,1744.7,1716,1724,158721,USD
10/22/2012,1722.7,1730.8,1714.4,1726.3,108139,USD
10/23/2012,1729.8,1731.2,1704.6,1709.4,153971,USD
10/24/2012,1709,1715.2,1698.7,1701.6,140583,USD
10/25/2012,1702.8,1718.9,1702.3,1713,141164,USD
10/26/2012,1712.1,1719.9,1701.4,1711.9,126511,USD
10/29/2012,1712.2,1717.8,1706.2,1708.7,57608,USD
10/30/2012,1710.3,1715.7,1705.2,1712.1,57253,USD
10/31/2012,1710.3,1726.6,1709.8,1719.1,120009,USD
11/1/2012,1720.4,1727.5,1713.8,1715.5,121499,USD
11/2/2012,1715.6,1717.2,1674.8,1675.2,223444,USD
11/5/2012,1676.7,1686.2,1672.5,1683.2,120547,USD
11/6/2012,1685.4,1720.9,1683.5,1715,187222,USD
11/7/2012,1715.8,1733,1703,1714,265682,USD
11/8/2012,1717.9,1735.1,1712.6,1726,165870,USD
11/9/2012,1731.5,1739.4,1726.9,1730.9,148670,USD
11/12/2012,1731.8,1738,1725.2,1730.9,107182,USD
11/13/2012,1729,1733.3,1717.6,1724.8,142502,USD
11/14/2012,1725.3,1734.1,1720.5,1730.1,143227,USD
11/15/2012,1727.2,1727.9,1704.5,1713.8,181712,USD
11/16/2012,1715.5,1717.2,1705.6,1714.7,136952,USD
11/19/2012,1714.4,1735.5,1713.4,1734.4,125525,USD
11/20/2012,1731.5,1736,1721.8,1723.6,128071,USD
11/21/2012,1727.8,1732,1718.4,1728.2,129035,USD
11/22/2012,1729.1,1755,1727.6,1751.4,165900,USD
11/26/2012,1751.5,1752.3,1746,1749.6,165966,USD
11/27/2012,1749.3,1751.9,1740.4,1742.3,198873,USD
11/28/2012,1741.5,1743.1,1705.5,1716.5,276136,USD
11/29/2012,1722.4,1731.2,1720.1,1729.5,178274,USD
11/30/2012,1728.3,1733.7,1710.2,1712.7,142067,USD
12/3/2012,1715.5,1724.9,1714.2,1721.1,104840,USD
12/4/2012,1717.7,1719.2,1692.6,1695.8,197018,USD
12/5/2012,1697.7,1708.3,1686,1693.8,157791,USD
12/6/2012,1695.7,1704.8,1687.1,1701.8,145846,USD
12/7/2012,1701.3,1706.9,1684.1,1705.5,145925,USD
12/10/2012,1705.4,1718.8,1703.3,1714.4,84330,USD
12/11/2012,1713.9,1715.8,1706,1709.6,81044,USD
12/12/2012,1712,1725,1708.5,1717.9,167086,USD
12/13/2012,1712.8,1712.8,1690.7,1696.8,171357,USD
12/14/2012,1699.6,1701.9,1694,1697,85242,USD
12/17/2012,1698.4,1701,1687.5,1698.2,93926,USD
12/18/2012,1699.1,1704.4,1662,1670.7,180399,USD
12/19/2012,1671.7,1677.8,1664.2,1667.7,157436,USD
12/20/2012,1667.9,1672.8,1636,1645.9,189984,USD
12/21/2012,1648.5,1660.5,1636.3,1660.1,136092,USD
12/24/2012,1658,1666.5,1652.7,1659.5,44006,USD
12/26/2012,1657.4,1668.7,1650.6,1660.7,52722,USD
12/27/2012,1659.8,1666.1,1653.1,1663.7,95883,USD
12/28/2012,1664,1667,1654.1,1655.9,75137,USD
12/31/2012,1655.9,1681,1655.9,1675.8,85218,USD
1/2/2013,1676.4,1695.4,1670.9,1688.8,132828,USD
1/3/2013,1686.2,1690.5,1661.2,1674.6,143786,USD
1/4/2013,1663.8,1664.5,1626,1648.9,252725,USD
1/7/2013,1656.3,1663,1642.6,1646.3,140819,USD
1/8/2013,1647.6,1662.7,1646.8,1662.2,146839,USD
1/9/2013,1659.9,1666,1651.3,1655.5,131709,USD
1/10/2013,1658,1678.8,1653.8,1678,159320,USD
1/11/2013,1674.1,1676.9,1653.1,1660.6,176075,USD
1/14/2013,1659.5,1674.8,1659.5,1669.4,126856,USD
1/15/2013,1667.8,1684.9,1666.2,1683.9,149770,USD
1/16/2013,1679.7,1684.7,1673,1683.2,137525,USD
1/17/2013,1680.5,1697.8,1666.4,1690.8,202942,USD
1/18/2013,1687.4,1695.1,1683.3,1687,115543,USD
1/21/2013,1686.5,1695.9,1684.8,1693.2,165132,USD
1/23/2013,1691.7,1694.8,1683.1,1686.7,141433,USD
1/24/2013,1683.8,1685.8,1664.2,1669.9,179960,USD
1/25/2013,1667,1671.6,1655,1656.6,162110,USD
1/28/2013,1657.9,1661.6,1651,1652.9,184378,USD
1/29/2013,1653.9,1665,1653.5,1660.8,145863,USD
1/30/2013,1664.1,1685,1663.5,1681.6,183223,USD
1/31/2013,1677,1681.7,1658.4,1662,159622,USD
2/1/2013,1665.2,1683,1660.6,1670.6,177049,USD
2/4/2013,1669.1,1678.6,1661.8,1676.4,112527,USD
2/5/2013,1675.5,1687,1667.2,1673.5,154153,USD
2/6/2013,1673.4,1680.5,1668.8,1678.8,97162,USD
2/7/2013,1678,1683.9,1663.4,1671.3,183505,USD
2/8/2013,1671.8,1674.3,1665.8,1666.9,94741,USD
2/11/2013,1667.9,1670.3,1644.1,1649.1,161668,USD
2/12/2013,1648.6,1653.8,1639.5,1649.6,137082,USD
2/13/2013,1652.5,1655,1640.5,1645.1,130849,USD
2/14/2013,1642.5,1650,1632.8,1635.5,174428,USD
2/15/2013,1634.2,1636,1596.7,1609.5,258379,USD
2/18/2013,1610,1618.8,1600.2,1604.2,220226,USD
2/20/2013,1604.2,1609.2,1558.1,1578,260413,USD
2/21/2013,1564.8,1584.4,1554.3,1578.6,223531,USD
2/22/2013,1577,1587,1569.3,1572.8,142206,USD
2/25/2013,1579.7,1596.5,1574.7,1586.6,164113,USD
2/26/2013,1592.7,1619.7,1583.7,1615.5,254857,USD
2/27/2013,1613.6,1614.4,1591.4,1595.7,172158,USD
2/28/2013,1596.3,1602.5,1574.3,1578.1,190164,USD
3/1/2013,1578.5,1586.9,1564,1572.3,193691,USD
3/4/2013,1578,1584.3,1568.7,1572.4,122907,USD
3/5/2013,1574.2,1585.8,1571.1,1574.9,146718,USD
3/6/2013,1574.9,1584.3,1566.4,1574.9,169868,USD
3/7/2013,1583.8,1584.9,1574,1575.1,141571,USD
3/8/2013,1577.4,1583.1,1560.4,1576.9,213955,USD
3/11/2013,1578.3,1582.5,1574.5,1578,101213,USD
3/12/2013,1580.4,1597.6,1578.8,1591.7,150411,USD
3/13/2013,1592,1598.8,1584.4,1588.4,141795,USD
3/14/2013,1586.7,1592.2,1575.2,1590.7,144163,USD
3/15/2013,1589.4,1597.9,1587.3,1592.6,98990,USD
3/18/2013,1597,1610.4,1589.6,1604.6,176071,USD
3/19/2013,1603.7,1615,1599,1611.3,165885,USD
3/20/2013,1611.9,1613.9,1599.6,1607.5,127570,USD
3/21/2013,1605.7,1616.5,1603.6,1613.8,130590,USD
3/22/2013,1614,1615.3,1602.6,1606.1,138726,USD
3/25/2013,1608.8,1612.8,1588.4,1604.5,234090,USD
3/26/2013,1604.5,1605,1593.4,1595.7,165484,USD
3/27/2013,1598.5,1608.1,1590.3,1606.2,50450,USD
3/28/2013,1605.6,1608.3,1594.3,1595.7,123526,USD
4/1/2013,1598.1,1601.6,1595.2,1600.9,62176,USD
4/2/2013,1600.1,1604.3,1574,1575.9,165691,USD
4/3/2013,1576.4,1577.3,1549.7,1553.5,209509,USD
4/4/2013,1557.7,1559.3,1539.4,1552.4,188525,USD
4/5/2013,1554,1581.8,1549,1575.9,190804,USD
4/8/2013,1580.8,1582.9,1566.6,1572.5,111703,USD
4/9/2013,1572.4,1590.1,1570,1586.7,126551,USD
4/10/2013,1585,1588.5,1555.3,1558.8,176373,USD
4/11/2013,1559,1568.1,1553,1564.9,137757,USD
4/12/2013,1560.3,1564.2,1476,1501.4,374344,USD
4/15/2013,1481,1495,1335.1,1361.1,700344,USD
4/16/2013,1355,1404.2,1321.5,1387.4,424780,USD
4/17/2013,1371.4,1395.2,1365,1382.7,255303,USD
4/18/2013,1376.1,1402,1335.6,1392.5,246906,USD
4/19/2013,1393,1424.7,1385.4,1395.6,199699,USD
4/22/2013,1408.3,1438.8,1403.5,1421.2,186680,USD
4/23/2013,1425.4,1432.8,1404,1408.8,215906,USD
4/24/2013,1412.5,1433.6,1411.5,1423.7,142300,USD
4/25/2013,1430.3,1468.6,1426.3,1462,197319,USD
4/26/2013,1467.3,1484.8,1447.3,1453.6,239659,USD
4/29/2013,1466.2,1478.3,1461.6,1467.4,122508,USD
4/30/2013,1476.6,1479.5,1460.5,1472.1,154104,USD
5/1/2013,1475.6,1477.4,1439.7,1446.2,170191,USD
5/2/2013,1457,1473.3,1448.1,1467.6,152834,USD
5/3/2013,1466.2,1487.2,1455.4,1464.2,175030,USD
5/6/2013,1470,1478.4,1463.8,1468,80796,USD
5/7/2013,1469.1,1470,1440.4,1448.8,192504,USD
5/8/2013,1451.6,1475.8,1446.7,1473.7,158956,USD
5/9/2013,1473,1476,1452.1,1468.6,162465,USD
5/10/2013,1457.5,1461.2,1418.5,1436.6,231401,USD
5/13/2013,1447.7,1448.3,1424.7,1434.3,151009,USD
5/14/2013,1429.5,1444.9,1419.7,1424.5,173066,USD
5/15/2013,1424.5,1429.4,1386.4,1396.2,229796,USD
5/16/2013,1392.5,1397,1368,1386.9,222528,USD
5/17/2013,1385.2,1391.3,1353.6,1364.7,229036,USD
5/20/2013,1361.3,1397.9,1336.3,1384.1,258371,USD
5/21/2013,1392.4,1399.9,1358,1377.6,225016,USD
5/22/2013,1374.5,1413.3,1353.1,1367.4,328643,USD
5/23/2013,1367.9,1397.1,1355,1391.8,220700,USD
5/24/2013,1389.9,1397.1,1381.1,1386.6,136510,USD
5/27/2013,1386.3,1401,1372.1,1378.9,295012,USD
5/29/2013,1379.9,1394.9,1379.1,1391.3,168665,USD
5/30/2013,1392.9,1417.7,1388.4,1412,202829,USD
5/31/2013,1412.9,1421.6,1384.2,1393,167854,USD
6/3/2013,1388.8,1416.5,1388.3,1411.9,141771,USD
6/4/2013,1411.2,1414.8,1388.1,1397.2,117534,USD
6/5/2013,1398.8,1410.3,1395.1,1398.5,139655,USD
6/6/2013,1401.8,1423.3,1391.2,1415.8,177144,USD
6/7/2013,1412.7,1417.7,1377.1,1383,199054,USD
6/10/2013,1383,1388.5,1375.1,1386,109059,USD
6/11/2013,1385.9,1387.2,1364.5,1377,146056,USD
6/12/2013,1377.7,1394,1372.2,1392,112198,USD
6/13/2013,1387.4,1394.4,1373,1377.8,127783,USD
6/14/2013,1384.8,1391.8,1377.8,1387.6,100911,USD
6/17/2013,1390.1,1391.4,1379.8,1383.1,78353,USD
6/18/2013,1384.3,1385.4,1360.2,1366.9,128779,USD
6/19/2013,1367.3,1376,1348.3,1374,136468,USD
6/20/2013,1351.2,1351.2,1275.4,1286.2,368874,USD
6/21/2013,1277.6,1301.7,1268.7,1292,190154,USD
6/24/2013,1296.3,1300.7,1275.1,1277.1,160333,USD
6/25/2013,1281.7,1289,1270.7,1275.1,161803,USD
6/26/2013,1277,1277.5,1221,1229.8,318396,USD
6/27/2013,1225.5,1244.2,1196.1,1211.6,261390,USD
6/28/2013,1199.5,1234.8,1179.4,1223.7,309347,USD
7/1/2013,1232.9,1261.7,1224.1,1255.7,204048,USD
7/2/2013,1252.7,1267,1238.8,1243.4,169736,USD
7/3/2013,1241.9,1259.3,1236,1251.9,152851,USD
7/4/2013,1252.7,1257.1,1206.9,1212.7,227043,USD
7/8/2013,1221.1,1237.4,1214.4,1234.9,140566,USD
7/9/2013,1235.2,1258.7,1232,1245.9,166683,USD
7/10/2013,1249.1,1265.6,1242.2,1247.4,190149,USD
7/11/2013,1265.7,1297.2,1262.1,1279.9,207150,USD
7/12/2013,1284.9,1287.4,1266.4,1277.6,136396,USD
7/15/2013,1283.9,1293.6,1272.5,1283.5,116682,USD
7/16/2013,1281.6,1294.7,1275.6,1290.4,127630,USD
7/17/2013,1291.2,1299.7,1269.3,1277.5,223427,USD
7/18/2013,1274.4,1287.9,1273.3,1284.2,123913,USD
7/19/2013,1282.4,1297.1,1281.4,1292.9,134153,USD
7/22/2013,1296.2,1339.1,1295.4,1336,191735,USD
7/23/2013,1334.3,1348.7,1325.6,1334.7,159441,USD
7/24/2013,1347.5,1348.7,1312.7,1319.5,182162,USD
7/25/2013,1321.2,1337.5,1308.4,1328.8,176485,USD
7/26/2013,1333.3,1340.5,1311.9,1321.5,169765,USD
7/29/2013,1333.6,1338.1,1322.6,1328.4,134359,USD
7/30/2013,1328.2,1330.4,1317,1324.8,126109,USD
7/31/2013,1326.4,1339.7,1305.3,1313,218787,USD
8/1/2013,1323.4,1330.7,1306.6,1311.2,157369,USD
8/2/2013,1307.7,1318,1282.4,1310.5,194683,USD
8/5/2013,1312.2,1320.3,1296.7,1302.4,97862,USD
8/6/2013,1303.3,1306.4,1278.1,1282.5,145487,USD
8/7/2013,1281.2,1289,1271.8,1285.3,122054,USD
8/8/2013,1285.9,1313.8,1282,1309.9,147834,USD
8/9/2013,1311.4,1316.5,1304.1,1312.2,96809,USD
8/12/2013,1313.5,1343.7,1313.5,1334.2,141631,USD
8/13/2013,1336,1341,1317.8,1320.5,146208,USD
8/14/2013,1320.3,1335.8,1315.1,1333.4,120612,USD
8/15/2013,1335.8,1369.6,1317.9,1360.9,226648,USD
8/16/2013,1365.6,1379.2,1357,1371,177729,USD
8/19/2013,1377.1,1384.1,1362,1365.7,123415,USD
8/20/2013,1364.9,1378,1351.6,1372.6,137476,USD
8/21/2013,1371,1378.9,1359.2,1370.1,150235,USD
8/22/2013,1365.6,1381.4,1354.5,1370.8,147575,USD
8/23/2013,1376.1,1399.9,1367.8,1395.8,161580,USD
8/26/2013,1399,1407,1388.4,1393.1,103038,USD
8/27/2013,1404.8,1424,1395.2,1420.2,160392,USD
8/28/2013,1416.1,1434,1413.2,1418.8,167016,USD
8/29/2013,1418.2,1418.6,1402.1,1412.9,147098,USD
8/30/2013,1407.5,1411.5,1391.8,1396.1,147098,USD
9/2/2013,1394,1416.4,1373.6,1412,205998,USD
9/4/2013,1411.6,1415,1384.6,1390,138415,USD
9/5/2013,1391.2,1400,1364.7,1373,175226,USD
9/6/2013,1366.7,1393.6,1358.8,1386.5,161533,USD
9/9/2013,1391.1,1395,1381.9,1386.7,80509,USD
9/10/2013,1387.1,1391.4,1357.6,1364,131861,USD
9/11/2013,1364.2,1368.7,1356,1363.8,100134,USD
9/12/2013,1366.1,1366.2,1320.4,1330.6,185084,USD
9/13/2013,1322.7,1330.8,1304.6,1308.6,170246,USD
9/16/2013,1333.5,1336,1302.7,1317.8,158187,USD
9/17/2013,1313.6,1324.7,1305.8,1309.4,136997,USD
9/18/2013,1309.5,1367.8,1291.5,1307.6,243776,USD
9/19/2013,1365,1375.4,1358.5,1369.3,180030,USD
9/20/2013,1366.2,1368.4,1324.9,1332.5,190860,USD
9/23/2013,1327,1332,1313.4,1327,139642,USD
9/24/2013,1321.5,1329.4,1305.5,1316.3,155023,USD
9/25/2013,1323.5,1338.3,1316.6,1336.2,145962,USD
9/26/2013,1333.1,1340,1319.2,1324.1,159097,USD
9/27/2013,1323.7,1345.2,1320,1339.2,133967,USD
9/30/2013,1343.5,1353.8,1322,1327,119076,USD
10/1/2013,1328.2,1337.8,1282.4,1286.1,212833,USD
10/2/2013,1287.5,1324.2,1276.9,1320.7,176119,USD
10/3/2013,1316.5,1322.8,1302,1317.6,129120,USD
10/4/2013,1317.4,1326,1305.1,1309.9,107569,USD
10/7/2013,1312.3,1329.5,1307.9,1325.1,95950,USD
10/8/2013,1323,1330.8,1315.4,1324.6,123183,USD
10/9/2013,1319.6,1323.3,1294.6,1307.2,158401,USD
10/10/2013,1307,1312,1281,1296.9,141168,USD
10/11/2013,1286.4,1294.8,1259.6,1268.2,186264,USD
10/14/2013,1275.5,1291.6,1268.4,1276.6,110183,USD
10/15/2013,1273.6,1287.7,1251,1273.2,204033,USD
10/16/2013,1281.4,1289.2,1268.6,1282.3,165641,USD
10/17/2013,1281.4,1324.2,1273.7,1323,216151,USD
10/18/2013,1318.8,1328.9,1311.2,1314.6,104101,USD
10/21/2013,1316,1323.9,1312,1315.8,74390,USD
10/22/2013,1315.5,1344.7,1309.5,1342.6,159789,USD
10/23/2013,1340.1,1342.2,1328.5,1334,99059,USD
10/24/2013,1332.5,1352.3,1330.2,1350.3,138229,USD
10/25/2013,1346.9,1356.4,1335.3,1352.5,120214,USD
10/28/2013,1352.7,1361.8,1346.1,1352.2,118915,USD
10/29/2013,1352.6,1360.4,1339.8,1345.5,127174,USD
10/30/2013,1344.6,1359.6,1334.5,1349.3,156595,USD
10/31/2013,1341.7,1343,1318.7,1323.7,151974,USD
11/1/2013,1323.1,1327.3,1305.6,1313.2,136964,USD
11/4/2013,1313,1322.4,1310.8,1314.7,78535,USD
11/5/2013,1313.9,1320.6,1305.2,1308.1,99655,USD
11/6/2013,1312.3,1322,1308.9,1317.8,97108,USD
11/7/2013,1317.5,1326,1296,1308.5,188109,USD
11/8/2013,1307.8,1313.4,1280.5,1284.6,182695,USD
11/11/2013,1288.3,1288.8,1278.1,1281.1,98952,USD
11/12/2013,1281.4,1285.4,1260.5,1271.2,146536,USD
11/13/2013,1265.3,1283.7,1265,1268.4,133472,USD
11/14/2013,1281.4,1293.8,1277.3,1286.3,159304,USD
11/15/2013,1286.8,1290.8,1279.6,1287.4,93186,USD
11/18/2013,1288.9,1289.2,1269.2,1272.3,112201,USD
11/19/2013,1275,1278.2,1268,1273.5,105146,USD
11/20/2013,1274.5,1275.7,1240.2,1258,224187,USD
11/21/2013,1241.8,1250,1235.8,1243.6,197767,USD
11/22/2013,1242.3,1248.3,1240.3,1244.1,135215,USD
11/25/2013,1241.6,1254,1225.7,1241.2,195436,USD
11/26/2013,1250.9,1257.8,1239.2,1241.4,178417,USD
11/27/2013,1241.6,1254.8,1235.5,1237.8,82331,USD
11/28/2013,1237.9,1254.5,1234.1,1250.4,113086,USD
12/2/2013,1250.6,1251.2,1217.1,1221.9,146101,USD
12/3/2013,1219.5,1225.8,1214.6,1220.8,118419,USD
12/4/2013,1223,1251.5,1210.8,1247.2,182235,USD
12/5/2013,1243.1,1243.2,1216.3,1231.9,154225,USD
12/6/2013,1225,1245,1210.1,1229,174951,USD
12/9/2013,1229.9,1242.6,1224.6,1234.2,77726,USD
12/10/2013,1239.5,1267.5,1237.4,1261.1,148583,USD
12/11/2013,1261,1263.2,1250.6,1257.2,120446,USD
12/12/2013,1252.3,1256.5,1222.6,1224.9,153610,USD
12/13/2013,1226.1,1238.2,1219.5,1234.6,113538,USD
12/16/2013,1237.3,1251.7,1227.2,1244.4,121809,USD
12/17/2013,1239.5,1247.6,1226.5,1230.1,134929,USD
12/18/2013,1230.3,1244,1215.2,1235,160628,USD
12/19/2013,1217.8,1226,1186,1193.6,206495,USD
12/20/2013,1188.8,1206.9,1188,1203.7,138710,USD
12/23/2013,1202.5,1205.6,1191.8,1197,84975,USD
12/24/2013,1197.8,1205.1,1195.5,1203.3,43489,USD
12/26/2013,1203.8,1215.4,1200.5,1212.3,54652,USD
12/27/2013,1210.9,1218.9,1208.5,1214,83755,USD
12/30/2013,1213.8,1215.8,1193.3,1203.8,79943,USD
12/31/2013,1197.4,1214,1181.4,1202.3,123138,USD
1/2/2014,1204.5,1230.8,1202.5,1225.2,136924,USD
1/3/2014,1222.3,1239.6,1221.3,1238.6,114982,USD
1/6/2014,1237,1247.7,1212.6,1238,152189,USD
1/7/2014,1237,1244.7,1224.2,1229.6,128637,USD
1/8/2014,1231,1231.8,1217.7,1225.5,157113,USD
1/9/2014,1224.9,1230.9,1222.8,1229.4,123280,USD
1/10/2014,1227.1,1248.5,1226.6,1246.9,161259,USD
1/13/2014,1247.7,1255.3,1243,1251.1,116647,USD
1/14/2014,1252.7,1254.9,1241.1,1245.4,138193,USD
1/15/2014,1244.3,1244.6,1233.5,1238.3,105108,USD
1/16/2014,1241.8,1244.9,1235.8,1240.2,111667,USD
1/17/2014,1241.7,1254.6,1237.3,1251.9,112715,USD
1/20/2014,1252.5,1262,1235.1,1241.8,174694,USD
1/22/2014,1240.5,1243.5,1235.5,1238.6,86791,USD
1/23/2014,1235.8,1267,1230.8,1262.3,209347,USD
1/24/2014,1263.7,1273.2,1256.8,1264.3,161723,USD
1/27/2014,1270.1,1279.8,1251.9,1263.4,167219,USD
1/28/2014,1255.6,1262.3,1248.2,1250.8,155996,USD
1/29/2014,1255.9,1270.6,1248.5,1262.2,137028,USD
1/30/2014,1267.2,1267.8,1237.5,1242.5,163622,USD
1/31/2014,1244,1254.8,1238.2,1239.8,116151,USD
2/3/2014,1242,1266.1,1240.4,1259.9,124745,USD
2/4/2014,1257.9,1260.7,1246.8,1251.2,93152,USD
2/5/2014,1254.2,1274.5,1251.8,1256.9,127060,USD
2/6/2014,1257.7,1267.5,1252.5,1257.2,87894,USD
2/7/2014,1256.9,1272,1255.5,1262.9,136028,USD
2/10/2014,1265.4,1277.8,1264.7,1274.7,94770,USD
2/11/2014,1274.2,1294.4,1273.5,1289.8,154734,USD
2/12/2014,1290.1,1296.4,1283.9,1295,111438,USD
2/13/2014,1290.8,1303,1286.2,1300.1,126045,USD
2/14/2014,1302.2,1321.5,1299.9,1318.6,150659,USD
2/17/2014,1318.6,1332.4,1312.3,1324.4,184496,USD
2/19/2014,1322,1323,1308.9,1320.4,112256,USD
2/20/2014,1311,1325.3,1307.1,1316.9,129024,USD
2/21/2014,1323,1328.8,1315.9,1323.6,110099,USD
2/24/2014,1325.5,1339.2,1318.7,1338,129769,USD
2/25/2014,1336.4,1343.8,1331.2,1342.7,125978,USD
2/26/2014,1341.3,1345.6,1322.3,1328,149696,USD
2/27/2014,1329.5,1336.4,1324,1331.8,120165,USD
2/28/2014,1331.3,1333.6,1319.3,1321.6,132783,USD
3/3/2014,1332.4,1355,1330.7,1350.3,159743,USD
3/4/2014,1350,1352.9,1331.2,1337.9,135598,USD
3/5/2014,1334.8,1342,1332.7,1340.3,97109,USD
3/6/2014,1337,1353.9,1331.3,1351.8,142468,USD
3/7/2014,1350.7,1353.2,1326.6,1338.2,178466,USD
3/10/2014,1340.8,1344.9,1327.5,1341.5,126040,USD
3/11/2014,1339.5,1353,1337.8,1346.7,150515,USD
3/12/2014,1348.8,1371.3,1345.6,1370.5,223878,USD
3/13/2014,1367.8,1375.7,1364.9,1372.4,175113,USD
3/14/2014,1370.9,1388.4,1368.2,1379,185259,USD
3/17/2014,1383.1,1392.6,1361.9,1372.9,154349,USD
3/18/2014,1367.1,1367.9,1351.1,1359,157502,USD
3/19/2014,1356.1,1360.2,1327.8,1341.3,194615,USD
3/20/2014,1331.7,1335.3,1320.8,1330.5,167021,USD
3/21/2014,1329.3,1343,1328,1336,148313,USD
3/24/2014,1335,1335.7,1308.5,1311.2,178475,USD
3/25/2014,1309.7,1318,1306,1311.4,158346,USD
3/26/2014,1312.1,1317.1,1299.3,1303.4,151503,USD
3/27/2014,1305.5,1307.6,1289.6,1294.7,185016,USD
3/28/2014,1292.3,1299.4,1286.1,1294.3,171316,USD
3/31/2014,1295,1299.3,1282.7,1283.8,133250,USD
4/1/2014,1284.6,1288.4,1277.4,1280,112918,USD
4/2/2014,1279.6,1294.9,1278.9,1290.8,124467,USD
4/3/2014,1290.4,1294.2,1281.9,1284.6,98672,USD
4/4/2014,1286.6,1307.5,1284.4,1303.5,145500,USD
4/7/2014,1304,1304.8,1295.8,1298.3,80277,USD
4/8/2014,1296.8,1314.7,1296.8,1309.1,119225,USD
4/9/2014,1308.5,1315.5,1301.1,1305.9,125580,USD
4/10/2014,1311.9,1324.9,1311,1320.5,126709,USD
4/11/2014,1318.1,1324.2,1314,1319,91859,USD
4/14/2014,1321,1331.4,1318.7,1327.5,100334,USD
4/15/2014,1326.5,1328.4,1284.4,1300.3,188991,USD
4/16/2014,1303.2,1307.1,1293.5,1303.5,117468,USD
4/17/2014,1302.1,1304.4,1292.8,1293.9,95708,USD
4/21/2014,1294.9,1302.5,1281.8,1288.5,101889,USD
4/22/2014,1290.3,1293.1,1275.8,1281.1,118730,USD
4/23/2014,1284,1289.1,1280.8,1284.6,98441,USD
4/24/2014,1283.9,1299,1268.4,1290.6,189289,USD
4/25/2014,1293.8,1305.2,1290.4,1300.8,107958,USD
4/28/2014,1303.2,1306.6,1292.1,1299,102409,USD
4/29/2014,1296,1302,1286.1,1296.3,103817,USD
4/30/2014,1295.6,1298.4,1284.9,1295.9,139271,USD
5/1/2014,1291.9,1293,1277.3,1283.4,115436,USD
5/2/2014,1284.7,1304.9,1272,1302.9,171945,USD
5/5/2014,1300.9,1315.8,1299.7,1309.3,115634,USD
5/6/2014,1309.7,1314.3,1304.4,1308.6,103408,USD
5/7/2014,1307.9,1315,1286.6,1288.9,173803,USD
5/8/2014,1289.8,1295.5,1284.8,1287.7,118107,USD
5/9/2014,1289.6,1294.5,1285.5,1287.6,110471,USD
5/12/2014,1289.8,1304.5,1277.7,1295.8,130809,USD
5/13/2014,1296,1299,1289.1,1294.8,120873,USD
5/14/2014,1293.9,1309.2,1291.6,1305.9,120327,USD
5/15/2014,1305.5,1307.3,1290.9,1293.6,147392,USD
5/16/2014,1296.4,1298.3,1287.7,1293.4,116836,USD
5/19/2014,1293,1305.7,1289.5,1293.8,108500,USD
5/20/2014,1293,1297.2,1286,1294.6,129486,USD
5/21/2014,1294.2,1296.3,1282.9,1288.1,126006,USD
5/22/2014,1292,1304.1,1290.1,1295,128235,USD
5/23/2014,1294.3,1295.7,1286.6,1291.7,146979,USD
5/26/2014,1293.6,1294.8,1263.2,1265.5,252104,USD
5/28/2014,1264,1267.3,1255.8,1259.3,168825,USD
5/29/2014,1258.9,1261.5,1251.4,1257.1,140234,USD
5/30/2014,1255.9,1260.6,1242.2,1246,136541,USD
6/2/2014,1250.5,1251,1241.1,1244,91403,USD
6/3/2014,1244.1,1247.9,1240.2,1244.5,90049,USD
6/4/2014,1244.9,1249.5,1242.8,1244.3,76990,USD
6/5/2014,1244.3,1257.9,1241.2,1253.3,125573,USD
6/6/2014,1253.7,1258.2,1245.7,1252.5,112940,USD
6/9/2014,1253,1257.3,1251.6,1253.9,53765,USD
6/10/2014,1252.7,1263.8,1250.1,1260.1,107080,USD
6/11/2014,1260.3,1265.5,1257.9,1261.2,77036,USD
6/12/2014,1261.1,1275.1,1260,1274,117418,USD
6/13/2014,1273.4,1278.1,1270.9,1274.1,83626,USD
6/16/2014,1276.8,1285.1,1270.5,1275.3,98247,USD
6/17/2014,1271.8,1273.5,1258,1272,112826,USD
6/18/2014,1272.1,1279.2,1266.5,1272.7,87914,USD
6/19/2014,1278.2,1322,1276.2,1314.1,237994,USD
6/20/2014,1320.3,1322.5,1307.1,1316.6,167785,USD
6/23/2014,1314.9,1319.2,1310.4,1318.4,109392,USD
6/24/2014,1318.1,1326.6,1314.5,1321.3,123877,USD
6/25/2014,1318.9,1325.6,1305.4,1322.6,136623,USD
6/26/2014,1318.7,1320.6,1306.8,1317,134789,USD
6/27/2014,1317.1,1323.1,1313.2,1320,104663,USD
6/30/2014,1316.8,1330.4,1311,1322,127612,USD
7/1/2014,1327.5,1334.9,1324,1326.6,121098,USD
7/2/2014,1327.1,1333.2,1322.1,1330.9,114091,USD
7/3/2014,1328.4,1329,1309.4,1320.6,149377,USD
7/4/2014,1321.4,1321.7,1312.1,1317,113065,USD
7/8/2014,1320.8,1325.7,1314.3,1316.5,130081,USD
7/9/2014,1320.4,1333.4,1318.7,1324.3,163179,USD
7/10/2014,1325,1346.8,1325,1339.2,179492,USD
7/11/2014,1336.5,1340.4,1334.6,1337.4,97170,USD
7/14/2014,1339.5,1340.9,1302.2,1306.7,208856,USD
7/15/2014,1309.1,1314.4,1292.6,1297.1,175878,USD
7/16/2014,1295.2,1304.2,1293.5,1299.8,119719,USD
7/17/2014,1300.3,1325.9,1298.1,1316.9,176744,USD
7/18/2014,1319.1,1325.5,1305,1309.4,121624,USD
7/21/2014,1311.3,1319,1307.9,1313.9,85369,USD
7/22/2014,1312.4,1316.8,1302.2,1306.3,127494,USD
7/23/2014,1308,1311.8,1303.5,1304.7,86756,USD
7/24/2014,1304.3,1305.6,1287.5,1290.8,178767,USD
7/25/2014,1294.2,1308.9,1291,1303.3,131242,USD
7/28/2014,1307.9,1309.4,1301.1,1303.3,136981,USD
7/29/2014,1303.3,1312.1,1295.5,1298.3,181554,USD
7/30/2014,1300.5,1305.2,1293.2,1296.9,130868,USD
7/31/2014,1297,1298.8,1281.3,1282.8,143363,USD
8/1/2014,1284.2,1298.4,1281,1294.8,144988,USD
8/4/2014,1295.4,1296.4,1287,1288.9,67872,USD
8/5/2014,1289.2,1295,1283.3,1285.3,105683,USD
8/6/2014,1288.9,1311,1288.5,1308.2,160366,USD
8/7/2014,1306.6,1316.4,1303,1312.5,122429,USD
8/8/2014,1314.5,1324.3,1305.7,1311,147901,USD
8/11/2014,1310.4,1312.9,1306.4,1310.5,63069,USD
8/12/2014,1309.2,1319.3,1306.8,1310.6,98609,USD
8/13/2014,1309.6,1316.4,1306,1314.5,98471,USD
8/14/2014,1313.4,1321.8,1310,1315.7,103416,USD
8/15/2014,1313.4,1316.5,1293,1306.2,192112,USD
8/18/2014,1304.2,1304.9,1296.5,1299.3,76105,USD
8/19/2014,1298.6,1303.7,1294.7,1296.7,78238,USD
8/20/2014,1297.2,1299.3,1288.7,1295.2,83304,USD
8/21/2014,1291.9,1292,1273.4,1275.4,145351,USD
8/22/2014,1278.2,1283.9,1274.6,1280.2,91730,USD
8/25/2014,1280.8,1281.6,1275,1278.9,53712,USD
8/26/2014,1277.4,1291.9,1275.7,1285.2,103850,USD
8/27/2014,1281.6,1288.2,1280.9,1283.4,67240,USD
8/28/2014,1283.7,1297.6,1283,1290.4,110166,USD
8/29/2014,1290.4,1292.5,1284.1,1287.4,76388,USD
9/1/2014,1288.5,1290.9,1263.1,1265,190582,USD
9/3/2014,1266.7,1272.4,1261.9,1270.3,107908,USD
9/4/2014,1269.8,1279.2,1261.3,1266.5,151579,USD
9/5/2014,1261.7,1274.8,1258,1267.3,106165,USD
9/8/2014,1269.5,1272.6,1252.1,1254.3,112676,USD
9/9/2014,1257.1,1258.9,1248.1,1248.5,128253,USD
9/10/2014,1256.2,1258.5,1244.5,1245.3,140721,USD
9/11/2014,1249.8,1251,1235.3,1239,160683,USD
9/12/2014,1240.9,1242.3,1228.1,1231.5,140795,USD
9/15/2014,1228.3,1239.2,1226.3,1235.1,100037,USD
9/16/2014,1233.2,1243.2,1232.2,1236.7,123281,USD
9/17/2014,1235.3,1240.5,1222,1235.9,132084,USD
9/18/2014,1223.1,1228.7,1216.3,1226.9,151109,USD
9/19/2014,1225.6,1229.2,1214.2,1216.6,173498,USD
9/22/2014,1216.4,1221,1208.8,1217.9,138051,USD
9/23/2014,1214.9,1237,1214.7,1222,153197,USD
9/24/2014,1223.2,1226.7,1216.2,1219.5,131418,USD
9/25/2014,1217.3,1225.3,1206.6,1221.9,186354,USD
9/26/2014,1222.1,1232.7,1212.8,1215.4,149452,USD
9/29/2014,1219.1,1223.9,1215.3,1218.8,105757,USD
9/30/2014,1215.7,1220.7,1204.3,1211.6,182523,USD
10/1/2014,1209.4,1220,1205,1215.5,146536,USD
10/2/2014,1213.4,1224,1209.1,1215.1,148824,USD
10/3/2014,1213.9,1215.7,1190.3,1192.9,186087,USD
10/6/2014,1192,1209.9,1183.3,1207.3,147758,USD
10/7/2014,1207.8,1214.1,1203,1212.4,142509,USD
10/8/2014,1209.8,1224.5,1205.1,1206,192007,USD
10/9/2014,1221.1,1234,1219.3,1225.3,165358,USD
10/10/2014,1224,1225.7,1217.6,1221.7,121360,USD
10/13/2014,1224.8,1238,1223.6,1230,119916,USD
10/14/2014,1237.3,1238.6,1231.1,1234.3,113551,USD
10/15/2014,1233.3,1250.3,1222,1244.8,258099,USD
10/16/2014,1242.2,1245.6,1235.2,1241.2,180590,USD
10/17/2014,1239.5,1242.1,1232,1239,117545,USD
10/20/2014,1239.1,1249.3,1234.9,1244.7,96271,USD
10/21/2014,1246.8,1255.6,1245.7,1251.7,151078,USD
10/22/2014,1248.9,1250.2,1240.7,1245.5,113405,USD
10/23/2014,1241.7,1244.9,1226.3,1229.1,140066,USD
10/24/2014,1233.5,1234.7,1228.7,1231.8,93371,USD
10/27/2014,1230.6,1232.1,1225.2,1229.3,86313,USD
10/28/2014,1225.8,1235.5,1222.2,1229.4,124196,USD
10/29/2014,1227.8,1230.4,1208.2,1224.9,131448,USD
10/30/2014,1211.2,1216.5,1195.5,1198.6,210415,USD
10/31/2014,1199.5,1202.4,1160.5,1171.6,300192,USD
11/3/2014,1171.1,1173.4,1161,1169.8,129435,USD
11/4/2014,1164.6,1175,1163.4,1167.7,134878,USD
11/5/2014,1168.4,1169.3,1137.1,1145.7,261115,USD
11/6/2014,1140.8,1149,1137.2,1142.6,168560,USD
11/7/2014,1141.2,1179,1130.4,1169.8,298006,USD
11/10/2014,1176.8,1177.5,1146.7,1159.8,198954,USD
11/11/2014,1151.5,1172.5,1145.5,1163,187308,USD
11/12/2014,1163,1169.4,1156.5,1159.1,183582,USD
11/13/2014,1161.1,1167.4,1153,1161.5,187699,USD
11/14/2014,1161.8,1192.9,1146,1185.6,293650,USD
11/17/2014,1185.5,1193.6,1180.8,1183.5,199521,USD
11/18/2014,1185.6,1204.1,1182.7,1197.1,170800,USD
11/19/2014,1196.5,1201.7,1173.9,1193.9,265864,USD
11/20/2014,1183.1,1196.6,1176.2,1190.9,187475,USD
11/21/2014,1194,1207.6,1186.1,1197.7,199906,USD
11/24/2014,1199.9,1203.8,1192.2,1195.7,158694,USD
11/25/2014,1197.7,1202.2,1189,1197.1,210753,USD
11/26/2014,1200.5,1201,1193.7,1196.6,75297,USD
11/27/2014,1197.8,1199.3,1163.9,1175.5,254472,USD
12/1/2014,1159.4,1221,1141.7,1218.1,342307,USD
12/2/2014,1212.6,1212.6,1191.4,1199.4,169349,USD
12/3/2014,1197.6,1215,1193.5,1208.7,145106,USD
12/4/2014,1209.3,1213.5,1201.1,1207.7,117722,USD
12/5/2014,1205.9,1208.5,1186.4,1190.4,157202,USD
12/8/2014,1191.2,1209.3,1187.3,1194.9,107505,USD
12/9/2014,1203.8,1239,1199.5,1232,241262,USD
12/10/2014,1231.2,1238.9,1225.2,1229.4,143319,USD
12/11/2014,1226.2,1233.4,1216.4,1225.6,143670,USD
12/12/2014,1227.9,1228.9,1214.8,1222.5,121177,USD
12/15/2014,1222,1225,1191.3,1207.7,152383,USD
12/16/2014,1195.4,1223.9,1187.8,1194.3,231509,USD
12/17/2014,1195.3,1203.1,1182,1194.5,169510,USD
12/18/2014,1189.4,1213.9,1188.5,1194.8,137338,USD
12/19/2014,1198,1201.5,1193.2,1196,73333,USD
12/22/2014,1196,1203.6,1170.7,1179.8,132152,USD
12/23/2014,1176.1,1184.9,1172.4,1178,105530,USD
12/24/2014,1176.8,1181.2,1172.7,1173.5,43632,USD
12/26/2014,1175.2,1199.1,1175.2,1195.3,67183,USD
12/29/2014,1194.9,1197.5,1178.6,1181.9,85907,USD
12/30/2014,1182.9,1210.9,1180.5,1200.4,141724,USD
12/31/2014,1199.8,1203.9,1179.5,1184.1,70517,USD
1/2/2015,1184,1194.9,1167.3,1186.2,120678,USD
1/5/2015,1187.8,1207.5,1177.8,1204,149112,USD
1/6/2015,1204,1223.3,1201.6,1219.4,190357,USD
1/7/2015,1219,1219.4,1209.1,1210.7,117085,USD
1/8/2015,1211,1216.8,1204.2,1208.5,122494,USD
1/9/2015,1208.9,1224,1207,1216.1,155980,USD
1/12/2015,1223,1236,1217.5,1232.8,138523,USD
1/13/2015,1233.1,1244.5,1227.4,1234.4,179651,USD
1/14/2015,1231.2,1244.6,1224.9,1234.5,193111,USD
1/15/2015,1229.7,1267.2,1226.1,1264.8,288788,USD
1/16/2015,1263.5,1282.4,1255.2,1276.9,219412,USD
1/19/2015,1280.7,1297.2,1272.1,1294.2,249777,USD
1/21/2015,1295.3,1307,1284.6,1293.7,210391,USD
1/22/2015,1293.7,1307.8,1279.1,1300.7,214909,USD
1/23/2015,1301.5,1302.9,1284.3,1292.6,149213,USD
1/26/2015,1292.8,1299.2,1275.6,1279.4,168886,USD
1/27/2015,1280.7,1297.4,1272,1291.7,186952,USD
1/28/2015,1292,1293.3,1279,1285.9,180387,USD
1/29/2015,1284,1286.6,1252.1,1255.9,243648,USD
1/30/2015,1259,1285.4,1257.5,1279.2,163882,USD
2/2/2015,1283,1283.9,1266.5,1276.9,119882,USD
2/3/2015,1275.6,1286.5,1255.8,1260.3,181991,USD
2/4/2015,1261.5,1273.3,1256.9,1264.5,136182,USD
2/5/2015,1270.4,1274.6,1256.1,1262.7,113827,USD
2/6/2015,1266.4,1269,1228.2,1234.6,205095,USD
2/9/2015,1235.9,1243.6,1234.4,1241.5,92651,USD
2/10/2015,1238.3,1245.9,1230.6,1232.2,97143,USD
2/11/2015,1234.1,1238.7,1216.5,1219.6,116275,USD
2/12/2015,1218.3,1232.8,1218,1220.7,109412,USD
2/13/2015,1223,1234.9,1222.5,1227.1,96371,USD
2/16/2015,1227.5,1236.7,1203.3,1208.6,181844,USD
2/18/2015,1209.3,1213.4,1197.2,1200.2,121125,USD
2/19/2015,1212.5,1222.9,1205.2,1207.6,115723,USD
2/20/2015,1208,1215.3,1197.7,1204.9,109248,USD
2/23/2015,1203.5,1210.3,1190.6,1200.8,115219,USD
2/24/2015,1201.9,1204.4,1190,1197.3,116610,USD
2/25/2015,1200.8,1211.7,1200.7,1201.5,106078,USD
2/26/2015,1203.9,1219.9,1203.4,1210.1,137276,USD
2/27/2015,1208.8,1219.2,1204.1,1213.1,113768,USD
3/2/2015,1213.8,1223,1204.2,1208.2,133100,USD
3/3/2015,1206.1,1214.4,1194.6,1204.4,155655,USD
3/4/2015,1203.8,1208.4,1197.7,1200.9,107563,USD
3/5/2015,1200.2,1208.9,1195.8,1196.2,131863,USD
3/6/2015,1197.5,1200,1162.9,1164.3,214797,USD
3/9/2015,1169.6,1174.4,1164.8,1166.5,123613,USD
3/10/2015,1165.6,1169.6,1153.8,1160.1,178084,USD
3/11/2015,1161.1,1164.3,1146.5,1150.6,161561,USD
3/12/2015,1153.7,1165.7,1147.5,1151.9,159536,USD
3/13/2015,1152.6,1160.9,1150.4,1152.4,122680,USD
3/16/2015,1157.9,1163.3,1149.3,1153.2,123258,USD
3/17/2015,1153.7,1159.3,1141.6,1148.2,159617,USD
3/18/2015,1148.1,1175.1,1144.9,1151.3,188480,USD
3/19/2015,1166.1,1177,1158.6,1169,157056,USD
3/20/2015,1170.4,1187.4,1167.9,1184.6,167531,USD
3/23/2015,1183.2,1191,1178.6,1187.7,162532,USD
3/24/2015,1188.5,1194.5,1184.7,1191.4,162922,USD
3/25/2015,1192.5,1199.3,1186.1,1197,185925,USD
3/26/2015,1195.4,1219.5,1193.8,1204.8,245373,USD
3/27/2015,1204.6,1206.6,1192.6,1200.7,134238,USD
3/30/2015,1198.6,1199.6,1182.2,1185.3,131446,USD
3/31/2015,1185.5,1190.6,1178.2,1183.2,114970,USD
4/1/2015,1183.2,1208.7,1180.5,1208.2,151135,USD
4/2/2015,1204.3,1207.4,1194.8,1200.9,115647,USD
4/6/2015,1212.6,1224.5,1212.6,1218.6,106008,USD
4/7/2015,1214.7,1215.9,1207.5,1210.6,85860,USD
4/8/2015,1208.7,1212.5,1197.4,1203.1,116317,USD
4/9/2015,1202.6,1203.3,1192.4,1193.6,110164,USD
4/10/2015,1193.8,1210.6,1192.9,1204.6,124843,USD
4/13/2015,1207.2,1209.3,1196.1,1199.3,109553,USD
4/14/2015,1198.8,1201.3,1183.5,1192.6,161058,USD
4/15/2015,1192.2,1204.4,1188.3,1201.3,129198,USD
4/16/2015,1201.8,1208.8,1194.3,1198,157415,USD
4/17/2015,1198.6,1207.8,1197,1203.1,111545,USD
4/20/2015,1204.4,1209,1190.8,1193.7,137017,USD
4/21/2015,1195.8,1203.7,1192.5,1203.1,104705,USD
4/22/2015,1202.2,1204.4,1185,1186.9,152182,USD
4/23/2015,1186.9,1197.4,1183.6,1194.3,118111,USD
4/24/2015,1193,1195.4,1174.1,1175,156378,USD
4/27/2015,1179.3,1206.7,1177.6,1203.2,207200,USD
4/28/2015,1201.6,1214.9,1198.6,1213.9,157578,USD
4/29/2015,1211.4,1213.5,1200.7,1210,141075,USD
4/30/2015,1204.5,1207.4,1176,1182.4,212931,USD
5/1/2015,1183.7,1184.4,1168.4,1174.5,118476,USD
5/4/2015,1176.6,1192.1,1176.6,1186.8,107753,USD
5/5/2015,1187.5,1199.3,1184.9,1193.2,109749,USD
5/6/2015,1192.5,1196.9,1187.4,1190.3,105946,USD
5/7/2015,1191.3,1192,1177.9,1182.2,134937,USD
5/8/2015,1183.7,1193,1180.5,1188.9,143614,USD
5/11/2015,1189,1190.9,1178,1183,128097,USD
5/12/2015,1182.5,1196.3,1179.7,1192.4,139260,USD
5/13/2015,1192.5,1218.5,1190.4,1218.2,241719,USD
5/14/2015,1215,1227.7,1211.9,1225.2,177837,USD
5/15/2015,1220.9,1225.8,1210.6,1225.3,133239,USD
5/18/2015,1222.8,1232,1221.2,1227.6,120822,USD
5/19/2015,1225.4,1225.5,1205.1,1206.7,178961,USD
5/20/2015,1207.7,1213.2,1202.7,1208.7,127893,USD
5/21/2015,1209.4,1212.4,1200.8,1204.1,139665,USD
5/22/2015,1206,1214.6,1201,1204,142930,USD
5/25/2015,1205.2,1208.2,1184.8,1186.9,244624,USD
5/27/2015,1186.7,1190.4,1183,1185.6,200216,USD
5/28/2015,1188,1192.8,1180.2,1188.8,149999,USD
5/29/2015,1188.1,1194.4,1186,1189.8,102168,USD
6/1/2015,1189.8,1204.7,1184,1188.7,171248,USD
6/2/2015,1189.5,1196.4,1185.8,1194.4,111471,USD
6/3/2015,1193.8,1195.6,1179.1,1184.9,124179,USD
6/4/2015,1185.8,1186.6,1172.4,1175.2,155463,USD
6/5/2015,1176.5,1178,1162.1,1168.1,150679,USD
6/8/2015,1170.8,1177.1,1168.5,1173.6,107088,USD
6/9/2015,1173.2,1182.3,1171.8,1177.6,91631,USD
6/10/2015,1175.8,1191.8,1174.3,1186.6,124680,USD
6/11/2015,1185.7,1187.4,1174.8,1180.4,114926,USD
6/12/2015,1180.8,1183.7,1175.6,1179.2,86352,USD
6/15/2015,1180,1190.2,1171.9,1185.8,129826,USD
6/16/2015,1185.3,1187.4,1175.4,1180.9,100203,USD
6/17/2015,1181.1,1188.8,1173.9,1176.8,101554,USD
6/18/2015,1184.2,1205.7,1183.1,1202,190686,USD
6/19/2015,1201.8,1203.9,1198,1201.9,86055,USD
6/22/2015,1199.7,1200.8,1181.6,1184.1,127145,USD
6/23/2015,1185.3,1187.7,1175.6,1176.6,122250,USD
6/24/2015,1177.6,1179.7,1168.1,1172.9,118451,USD
6/25/2015,1174.1,1177.3,1170.5,1171.8,88847,USD
6/26/2015,1172.5,1178,1167.1,1173.2,107921,USD
6/29/2015,1182.5,1187.6,1173.2,1179,145708,USD
6/30/2015,1179.8,1180,1165.4,1171.8,148193,USD
7/1/2015,1172.4,1174.4,1166.7,1169.3,95179,USD
7/2/2015,1167.7,1169.2,1155.8,1163.5,144729,USD
7/3/2015,1173.2,1174.4,1161.9,1173.2,141898,USD
7/7/2015,1168.8,1170,1146.8,1152.6,198533,USD
7/8/2015,1154,1163.8,1145.9,1163.5,168006,USD
7/9/2015,1157.5,1166.9,1155.1,1159.2,130014,USD
7/10/2015,1158.7,1164.5,1156.4,1157.9,112568,USD
7/13/2015,1162.3,1163.9,1149.8,1155.4,126732,USD
7/14/2015,1157,1159.1,1151.8,1153.5,109142,USD
7/15/2015,1153.9,1155.8,1141.9,1147.4,150648,USD
7/16/2015,1146.2,1148.2,1140.6,1143.9,125703,USD
7/17/2015,1144.3,1144.5,1129.6,1131.9,161004,USD
7/20/2015,1132.4,1132.5,1080,1106.8,261352,USD
7/21/2015,1098,1108.8,1095.9,1103.5,172518,USD
7/22/2015,1100.1,1102.3,1085.6,1091.5,182184,USD
7/23/2015,1093.4,1104.9,1086.1,1094.1,204073,USD
7/24/2015,1089.5,1100.9,1072.3,1085.5,249020,USD
7/27/2015,1098.6,1104.4,1087.7,1096.4,191964,USD
7/28/2015,1094.1,1098.2,1090.7,1096.2,176077,USD
7/29/2015,1094.5,1100.9,1088.9,1092.6,159142,USD
7/30/2015,1096.6,1098.2,1081.5,1088.7,169098,USD
7/31/2015,1087.7,1103,1079.2,1095.1,174127,USD
8/3/2015,1095.1,1098,1085.1,1089.4,105923,USD
8/4/2015,1085.3,1094.4,1080.2,1090.7,114103,USD
8/5/2015,1087.3,1091.7,1082,1085.6,116045,USD
8/6/2015,1084.1,1093.3,1082.7,1090.1,94613,USD
8/7/2015,1088.8,1098.9,1081.4,1094.1,172487,USD
8/10/2015,1094,1108.5,1089,1104.1,148926,USD
8/11/2015,1103.8,1119.1,1093.3,1107.7,191830,USD
8/12/2015,1108.2,1125.5,1101.1,1123.6,193697,USD
8/13/2015,1125.2,1126.3,1112.8,1115.6,129211,USD
8/14/2015,1114.6,1120.4,1111.1,1112.7,102233,USD
8/17/2015,1113.5,1122.2,1112.9,1118.4,92581,USD
8/18/2015,1117.2,1120.4,1108.5,1116.9,119945,USD
8/19/2015,1117.2,1134.3,1115.5,1127.9,154352,USD
8/20/2015,1133.3,1153.7,1132.1,1153.2,187177,USD
8/21/2015,1153.3,1167.9,1148.5,1159.6,196062,USD
8/24/2015,1160.2,1169.8,1145.1,1153.6,264142,USD
8/25/2015,1155.7,1156.3,1134,1138.3,199685,USD
8/26/2015,1139.9,1146,1116.9,1124.6,207120,USD
8/27/2015,1125,1128.5,1117,1122.6,143048,USD
8/28/2015,1124.4,1140.3,1123.1,1134,152105,USD
8/31/2015,1132.7,1136.3,1125,1132.5,98950,USD
9/1/2015,1133.8,1147.3,1133.8,1139.8,128865,USD
9/2/2015,1139,1141.9,1131.2,1133.6,111567,USD
9/3/2015,1133.2,1133.8,1121,1124.5,106471,USD
9/4/2015,1124.5,1133.1,1115.7,1121.4,113525,USD
9/7/2015,1123,1126,1114.7,1121,142512,USD
9/9/2015,1121,1124.7,1100.1,1102,178299,USD
9/10/2015,1105.7,1114.1,1102.5,1109.3,121431,USD
9/11/2015,1110.2,1111.9,1097.7,1103.3,119503,USD
9/14/2015,1107,1109.8,1102.6,1107.7,74178,USD
9/15/2015,1107.1,1108.5,1101.5,1102.6,78878,USD
9/16/2015,1104.4,1123.7,1103,1119,131151,USD
9/17/2015,1118.7,1136,1114.7,1117,143637,USD
9/18/2015,1130,1141.5,1126.9,1137.8,151718,USD
9/21/2015,1138.7,1139.4,1128.7,1132.8,87119,USD
9/22/2015,1132.6,1136.1,1120.5,1124.8,117435,USD
9/23/2015,1123.8,1134,1121.1,1131.5,96165,USD
9/24/2015,1130,1156.4,1129.5,1153.8,219683,USD
9/25/2015,1151,1151.1,1140.1,1145.6,140350,USD
9/28/2015,1145,1147.8,1127.3,1131.7,143467,USD
9/29/2015,1131.4,1134.3,1123.5,1126.8,105548,USD
9/30/2015,1127.2,1127.7,1110.8,1115.2,156467,USD
10/1/2015,1114.5,1118.5,1110.3,1113.7,83393,USD
10/2/2015,1112.5,1140.9,1103.8,1136.6,190004,USD
10/5/2015,1137,1141.6,1129.6,1137.6,119484,USD
10/6/2015,1134.7,1151,1134.5,1146.4,128175,USD
10/7/2015,1146.5,1153.6,1141.3,1148.7,113149,USD
10/8/2015,1145,1150.9,1135.9,1144.3,121187,USD
10/9/2015,1138.1,1159.3,1138,1155.9,134869,USD
10/12/2015,1155,1168.6,1154.3,1164.5,111800,USD
10/13/2015,1162.8,1168.6,1151.3,1165.4,139528,USD
10/14/2015,1168.2,1189.9,1162.5,1179.8,199965,USD
10/15/2015,1184,1191.7,1173.9,1187.5,192307,USD
10/16/2015,1182.5,1184.8,1174.3,1183.1,108910,USD
10/19/2015,1176.9,1178.2,1168.3,1172.8,108768,USD
10/20/2015,1170.6,1181.4,1167.2,1177.5,124733,USD
10/21/2015,1175.5,1179.3,1163.2,1167.1,122070,USD
10/22/2015,1166.8,1171.8,1161.4,1166.1,117317,USD
10/23/2015,1165.9,1179.4,1158.6,1162.8,150796,USD
10/26/2015,1163.8,1169.6,1162,1166.2,84868,USD
10/27/2015,1163,1168.8,1160.5,1165.8,91661,USD
10/28/2015,1166.7,1183.1,1152.1,1176.1,187307,USD
10/29/2015,1156.1,1162.5,1144.2,1147.3,155610,USD
10/30/2015,1146.6,1149.8,1138.4,1141.4,123166,USD
11/2/2015,1141.3,1142.7,1132.2,1135.9,106355,USD
11/3/2015,1132.9,1138,1113.6,1114.1,157445,USD
11/4/2015,1117.4,1122.3,1105.6,1106.2,157673,USD
11/5/2015,1106.8,1111.3,1102.2,1104.2,144642,USD
11/6/2015,1103.2,1109.7,1084.5,1087.7,199866,USD
11/9/2015,1089.1,1094.9,1087.4,1088.1,141885,USD
11/10/2015,1090.8,1094.8,1084,1088.5,144170,USD
11/11/2015,1088.5,1093.5,1083.2,1084.9,171726,USD
11/12/2015,1085.4,1089,1073,1081,208297,USD
11/13/2015,1083.5,1088,1078.2,1080.9,130832,USD
11/16/2015,1087.9,1097.4,1080.5,1083.6,151381,USD
11/17/2015,1082.4,1085.1,1064.4,1068.6,181458,USD
11/18/2015,1070.2,1074.6,1062,1068.7,154641,USD
11/19/2015,1069.3,1086.6,1068.3,1077.9,177555,USD
11/20/2015,1079.7,1087.2,1074.9,1076.3,157703,USD
11/23/2015,1076.4,1076.5,1065,1066.8,178092,USD
11/24/2015,1068.5,1080.7,1068.1,1073.8,158532,USD
11/25/2015,1075,1080.4,1067.1,1070,148662,USD
11/26/2015,1070.6,1073.9,1051.6,1056.2,187114,USD
11/30/2015,1056,1069.1,1052.2,1065.3,113168,USD
12/1/2015,1064.6,1074,1062.6,1063.5,121567,USD
12/2/2015,1067.9,1071,1049.4,1053.8,124024,USD
12/3/2015,1053.5,1064.5,1045.4,1061.2,173771,USD
12/4/2015,1062,1088.3,1057.2,1084.1,208897,USD
12/7/2015,1085.5,1086.1,1065,1075.2,109372,USD
12/8/2015,1069.7,1078.4,1066.8,1075.3,128216,USD
12/9/2015,1074.3,1085,1068.7,1076.5,140705,USD
12/10/2015,1071.7,1076,1068.8,1072,99734,USD
12/11/2015,1071.4,1079.1,1061.7,1075.7,152623,USD
12/14/2015,1073,1077.3,1058.1,1063.4,121860,USD
12/15/2015,1059.8,1067.9,1057.4,1061.6,115316,USD
12/16/2015,1060.3,1077.9,1060.2,1076.8,143146,USD
12/17/2015,1072.2,1072.7,1046.8,1049.6,168666,USD
12/18/2015,1051.5,1071,1050,1065,122220,USD
12/21/2015,1065.2,1081.4,1063.1,1080.6,122217,USD
12/22/2015,1078,1080.3,1071.2,1074.1,80660,USD
12/23/2015,1072,1074.9,1067.6,1068.3,69363,USD
12/24/2015,1069.6,1076.6,1069.5,1075.9,49685,USD
12/28/2015,1075.2,1076.5,1065.7,1068.3,70863,USD
12/29/2015,1068.3,1074.6,1066.7,1068,87639,USD
12/30/2015,1068.2,1071.5,1058.5,1059.8,98711,USD
12/31/2015,1060.6,1062.7,1056.5,1060.2,55707,USD
1/4/2016,1061.5,1083,1061,1075.2,159785,USD
1/5/2016,1073.5,1081.5,1071.9,1078.4,104638,USD
1/6/2016,1076.8,1094.9,1074.4,1091.9,191801,USD
1/7/2016,1093.7,1109.9,1091.1,1107.8,217266,USD
1/8/2016,1108.8,1113.1,1091.8,1097.9,193452,USD
1/11/2016,1103.6,1108.3,1093.1,1096.2,193208,USD
1/12/2016,1094,1099.1,1083.1,1085.2,167654,USD
1/13/2016,1086.8,1095.6,1079.4,1087.1,156109,USD
1/14/2016,1093.6,1095.4,1071.1,1073.6,174240,USD
1/15/2016,1079.2,1097.5,1076,1090.7,173457,USD
1/18/2016,1089.3,1094.5,1082.1,1089.1,160106,USD
1/20/2016,1087.3,1109.9,1087.1,1106.2,193281,USD
1/21/2016,1100.9,1106.2,1092.5,1098.2,178737,USD
1/22/2016,1101.6,1103.5,1094.4,1096.3,142743,USD
1/25/2016,1097.8,1109.2,1097.6,1105.3,176358,USD
1/26/2016,1108.2,1123.2,1107.2,1120.2,197690,USD
1/27/2016,1119.9,1128,1114.9,1115.8,168706,USD
1/28/2016,1126.2,1126.4,1110.2,1116.1,151218,USD
1/29/2016,1114.8,1118.9,1108.5,1116.4,133251,USD
2/1/2016,1118,1130.2,1115.3,1128,118524,USD
2/2/2016,1128.5,1131.5,1122.6,1127.2,117734,USD
2/3/2016,1129.4,1146.2,1124.8,1141.3,189231,USD
2/4/2016,1142.5,1157.9,1139.7,1157.5,177206,USD
2/5/2016,1155.7,1175,1145.5,1157.7,214890,USD
2/8/2016,1174,1201.4,1164.5,1197.9,249464,USD
2/9/2016,1189.5,1199.3,1185.9,1198.6,190796,USD
2/10/2016,1189.7,1198.1,1181.6,1194.6,168635,USD
2/11/2016,1197.5,1263.9,1196.3,1247.8,365647,USD
2/12/2016,1247.1,1248.7,1232.9,1239.4,191128,USD
2/15/2016,1236.3,1236.3,1191.5,1208.2,340804,USD
2/17/2016,1201.9,1214.4,1196.2,1211.4,162454,USD
2/18/2016,1209.5,1240.6,1201.3,1226.3,182120,USD
2/19/2016,1231.2,1235.3,1220.6,1230.8,184247,USD
2/22/2016,1226.9,1226.9,1202.5,1210.1,160974,USD
2/23/2016,1208.9,1229,1207.6,1222.6,184483,USD
2/24/2016,1226,1254.3,1222.4,1239.1,274243,USD
2/25/2016,1228.9,1244.4,1221.8,1238.8,208218,USD
2/26/2016,1232.5,1241.3,1212,1220.4,218706,USD
2/29/2016,1223.1,1241.8,1216.3,1234.4,183446,USD
3/1/2016,1238.9,1249.3,1227.7,1230.8,225605,USD
3/2/2016,1232.3,1244.8,1225.1,1241.8,182775,USD
3/3/2016,1240.8,1269.3,1238,1258.2,226299,USD
3/4/2016,1264.6,1280.7,1250.1,1270.7,361180,USD
3/7/2016,1260.5,1274.1,1257.4,1264,212786,USD
3/8/2016,1267.9,1279,1261,1262.9,206126,USD
3/9/2016,1262.2,1265.7,1243.6,1257.4,223144,USD
3/10/2016,1253.7,1274.3,1237.5,1272.8,304980,USD
3/11/2016,1272,1287.8,1249,1259.4,235781,USD
3/14/2016,1250.9,1261.9,1229.9,1245.1,207557,USD
3/15/2016,1237,1238.7,1226,1231,185326,USD
3/16/2016,1233.1,1264.8,1227,1229.8,203811,USD
3/17/2016,1262,1271.9,1255.2,1265,208124,USD
3/18/2016,1257.7,1267.7,1248.4,1254.3,158071,USD
3/21/2016,1255.2,1256.7,1241.2,1244.2,176624,USD
3/22/2016,1244.3,1260.9,1242.8,1248.6,195733,USD
3/23/2016,1248.5,1249.8,1215.4,1224,266165,USD
3/24/2016,1220.7,1224.2,1211.2,1221.6,169701,USD
3/28/2016,1216,1223.2,1206,1220.1,142683,USD
3/29/2016,1221.5,1243.4,1215.3,1235.8,189732,USD
3/30/2016,1243,1246.8,1224.9,1228.6,183333,USD
3/31/2016,1227,1242.3,1225.1,1235.6,120318,USD
4/1/2016,1234.1,1237.2,1210.3,1223.5,196902,USD
4/4/2016,1223,1224.1,1215.7,1219.3,91057,USD
4/5/2016,1217.1,1238.8,1216,1229.6,157086,USD
4/6/2016,1232.6,1233.8,1217.2,1223.8,135333,USD
4/7/2016,1224,1245,1224,1237.5,189413,USD
4/8/2016,1241.8,1244.6,1231,1243.8,132368,USD
4/11/2016,1241.8,1260.9,1241.6,1258,160928,USD
4/12/2016,1259.8,1264.7,1253,1260.9,157241,USD
4/13/2016,1257.2,1258.7,1241.4,1248.3,155992,USD
4/14/2016,1243.8,1245.9,1225.4,1226.5,204794,USD
4/15/2016,1228.5,1237.6,1226.8,1234.6,121270,USD
4/18/2016,1236.3,1243.3,1231.7,1235,148658,USD
4/19/2016,1233.9,1258.5,1229,1254.3,217385,USD
4/20/2016,1251.3,1259.8,1244,1254.4,165254,USD
4/21/2016,1244.5,1272.4,1244.4,1250.3,272941,USD
4/22/2016,1248.5,1254.2,1228.5,1230,209494,USD
4/25/2016,1234.5,1243.8,1231.3,1240.2,120768,USD
4/26/2016,1239.8,1246.5,1232.7,1243.4,148114,USD
4/27/2016,1245.7,1254.6,1240.7,1250.4,171510,USD
4/28/2016,1247.3,1271.7,1239.1,1266.4,227214,USD
4/29/2016,1268,1299,1267,1290.5,273994,USD
5/2/2016,1293.2,1306,1289.6,1295.8,198256,USD
5/3/2016,1293.4,1303.9,1284,1291.8,214985,USD
5/4/2016,1287.7,1291.8,1273.6,1274.4,212954,USD
5/5/2016,1281.2,1288.4,1270.6,1272.3,174581,USD
5/6/2016,1279.3,1297.7,1276.2,1294,257613,USD
5/9/2016,1286.7,1289.5,1262.8,1266.6,225229,USD
5/10/2016,1265.4,1272,1258.3,1264.8,174083,USD
5/11/2016,1267.3,1280.8,1266.3,1275.5,239700,USD
5/12/2016,1279.3,1282.5,1262.9,1271.2,218098,USD
5/13/2016,1264.8,1277.7,1264,1272.7,174352,USD
5/16/2016,1273.1,1290.4,1271.6,1274.2,198783,USD
5/17/2016,1274.9,1283.9,1270.1,1276.9,205190,USD
5/18/2016,1280.6,1283.5,1256,1274.4,233583,USD
5/19/2016,1259.1,1262.3,1244.6,1254.8,270061,USD
5/20/2016,1256.3,1261.2,1249.6,1252.9,205159,USD
5/23/2016,1251.7,1256.8,1243.5,1251.5,218715,USD
5/24/2016,1249.5,1252.8,1226.2,1229.2,322961,USD
5/25/2016,1227.3,1230.2,1217.7,1223.8,246046,USD
5/26/2016,1223.6,1234.6,1218.4,1220.4,199778,USD
5/27/2016,1222.3,1225.8,1209,1216.7,200002,USD
5/30/2016,1215.1,1220.6,1201.5,1217.5,236147,USD
6/1/2016,1217.9,1222.9,1208.2,1214.7,159621,USD
6/2/2016,1215.9,1220,1212,1212.6,112599,USD
6/3/2016,1212.8,1247.4,1209.1,1242.9,240700,USD
6/6/2016,1245.5,1251.3,1242.1,1247.4,162935,USD
6/7/2016,1248,1249,1236.9,1247,120505,USD
6/8/2016,1247,1267.2,1245.5,1262.3,181727,USD
6/9/2016,1264.6,1274.4,1259.4,1272.7,153261,USD
6/10/2016,1271.5,1280.9,1267.3,1275.9,160810,USD
6/13/2016,1278.3,1290.3,1275.2,1286.9,202808,USD
6/14/2016,1286.2,1293,1278.6,1288.1,193067,USD
6/15/2016,1288.1,1300,1281.3,1288.3,199446,USD
6/16/2016,1295,1318.9,1280.1,1298.4,354145,USD
6/17/2016,1282.4,1302.7,1278.8,1294.8,211622,USD
6/20/2016,1293,1296.8,1280.8,1292.1,193799,USD
6/21/2016,1292.5,1297.4,1267.1,1272.5,207162,USD
6/22/2016,1271.4,1273.5,1263.8,1270,132682,USD
6/23/2016,1268.1,1274.9,1256.9,1263.1,152586,USD
6/24/2016,1254.3,1362.6,1252.8,1322.4,574241,USD
6/27/2016,1322.3,1340,1320.8,1324.7,258326,USD
6/28/2016,1328.3,1329.5,1308.2,1317.9,195976,USD
6/29/2016,1313.9,1331,1313.3,1326.9,176817,USD
6/30/2016,1321,1326.5,1315.3,1320.6,192947,USD
7/1/2016,1324.8,1347,1323.1,1339,223728,USD
7/4/2016,1345,1360.3,1338.5,1358.7,353805,USD
7/6/2016,1358,1377.5,1356.3,1367.1,237060,USD
7/7/2016,1365.7,1372.9,1352,1362.1,218463,USD
7/8/2016,1361,1371.8,1336.3,1358.4,301185,USD
7/11/2016,1368.9,1376.5,1351.8,1356.6,230696,USD
7/12/2016,1356.3,1358.9,1331,1335.3,257335,USD
7/13/2016,1334,1346.3,1328.1,1343.6,204592,USD
7/14/2016,1344.5,1348,1320.4,1332.2,264334,USD
7/15/2016,1336.4,1339.5,1322.6,1327.4,191831,USD
7/18/2016,1333.4,1336,1323.5,1329.3,163212,USD
7/19/2016,1329.1,1335.5,1325.8,1332.3,150620,USD
7/20/2016,1332.2,1338.8,1312.5,1319.3,224985,USD
7/21/2016,1316.2,1334,1310.7,1331,253464,USD
7/22/2016,1331.4,1334,1319.4,1323.4,232263,USD
7/25/2016,1322.7,1323.4,1311.1,1319.5,263660,USD
7/26/2016,1315.5,1324.4,1313.6,1320.8,203410,USD
7/27/2016,1319.9,1342.3,1315.6,1326.7,215388,USD
7/28/2016,1347.5,1352.6,1339.2,1341.2,194758,USD
7/29/2016,1342.7,1362,1335,1357.5,229248,USD
8/1/2016,1357.2,1361.9,1353.2,1359.6,112655,USD
8/2/2016,1360.6,1374.2,1353.7,1372.6,161783,USD
8/3/2016,1370.5,1373.4,1360.6,1364.7,138588,USD
8/4/2016,1364.7,1371.4,1355.1,1367.4,170002,USD
8/5/2016,1367.2,1371,1340.4,1344.4,223143,USD
8/8/2016,1341.2,1343.9,1335.3,1341.3,137539,USD
8/9/2016,1341.2,1348.5,1336,1346.7,124480,USD
8/10/2016,1347,1363.6,1345.7,1351.9,191322,USD
8/11/2016,1353.2,1359.4,1341.4,1350,155585,USD
8/12/2016,1344.7,1362.5,1338.3,1343.2,239554,USD
8/15/2016,1343.6,1349.1,1340.9,1347.5,120152,USD
8/16/2016,1345.2,1364.3,1344.8,1356.9,221723,USD
8/17/2016,1351.3,1356.8,1340.5,1348.8,169160,USD
8/18/2016,1353.8,1361.5,1351.2,1357.2,170557,USD
8/19/2016,1357.1,1357.9,1342,1346.2,185033,USD
8/22/2016,1345,1345.7,1335.4,1343.4,156447,USD
8/23/2016,1343.6,1348.8,1338.9,1346.1,132030,USD
8/24/2016,1342.2,1344.1,1327,1329.7,225487,USD
8/25/2016,1327.4,1330.2,1321,1324.6,167657,USD
8/26/2016,1324.8,1346,1321.2,1325.9,300050,USD
8/29/2016,1323.8,1328.5,1317.2,1327.1,142232,USD
8/30/2016,1327,1328.9,1312,1316.5,159325,USD
8/31/2016,1314.7,1319.2,1306.9,1311.4,179946,USD
9/1/2016,1311.7,1318.6,1305.5,1317.1,179601,USD
9/2/2016,1318,1334,1307.4,1326.7,234252,USD
9/5/2016,1328.1,1357.2,1325.5,1354,281256,USD
9/7/2016,1353.5,1357.6,1346.9,1349.2,151823,USD
9/8/2016,1349.1,1353.9,1339.1,1341.6,182893,USD
9/9/2016,1341.6,1343.6,1331.2,1334.5,163931,USD
9/12/2016,1332,1333.8,1323.3,1325.6,194664,USD
9/13/2016,1331.7,1335.9,1318.8,1323.7,180759,USD
9/14/2016,1322.6,1329.8,1316.6,1326.1,139432,USD
9/15/2016,1325.8,1332.5,1312.1,1318,211228,USD
9/16/2016,1318.3,1321.5,1309.2,1310.2,138206,USD
9/19/2016,1313.2,1321.8,1312.6,1317.8,115841,USD
9/20/2016,1316.3,1321.1,1315.2,1318.2,93724,USD
9/21/2016,1318,1341.3,1310.9,1331.4,268971,USD
9/22/2016,1338.9,1347.8,1335.1,1344.7,166856,USD
9/23/2016,1340.3,1344.5,1337.4,1341.7,113260,USD
9/26/2016,1340.8,1346.1,1336.5,1344.1,126603,USD
9/27/2016,1342,1343.5,1327.7,1330.4,187753,USD
9/28/2016,1330.1,1331.1,1321.1,1323.7,157569,USD
9/29/2016,1325,1329.4,1318.6,1326,157335,USD
9/30/2016,1323.6,1331.5,1316,1317.1,214117,USD
10/3/2016,1321,1322.6,1311.8,1312.7,130138,USD
10/4/2016,1315,1315.4,1269,1269.7,351260,USD
10/5/2016,1270.5,1279.4,1264.1,1268.6,213859,USD
10/6/2016,1269.7,1271.6,1251.8,1253,190188,USD
10/7/2016,1256.8,1267.6,1243.2,1251.9,274147,USD
10/10/2016,1258.5,1266.8,1258.5,1260.4,140762,USD
10/11/2016,1261.7,1264,1254.3,1255.9,141054,USD
10/12/2016,1254.5,1260.5,1251.2,1253.8,141579,USD
10/13/2016,1257.1,1263.9,1254.7,1257.6,150097,USD
10/14/2016,1259.5,1260.7,1246.9,1255.5,179881,USD
10/17/2016,1252.9,1258.2,1251.1,1256.6,111891,USD
10/18/2016,1256,1265.6,1255.9,1262.9,148172,USD
10/19/2016,1263.9,1274.4,1261.1,1269.9,143609,USD
10/20/2016,1270.6,1275.9,1265.5,1267.5,137042,USD
10/21/2016,1266.5,1268.8,1261.7,1267.7,101385,USD
10/24/2016,1266.9,1272.8,1260.1,1263.7,156822,USD
10/25/2016,1265.2,1277.5,1262.4,1273.6,140027,USD
10/26/2016,1274,1277.2,1265.1,1266.6,142111,USD
10/27/2016,1267.2,1273.7,1265.2,1269.5,135139,USD
10/28/2016,1269.2,1285.4,1262,1276.8,232893,USD
10/31/2016,1278.3,1280.5,1271.9,1273.1,123697,USD
11/1/2016,1277.8,1292.9,1276.3,1288,207256,USD
11/2/2016,1289,1309.3,1288.4,1308.2,241704,USD
11/3/2016,1298.1,1308,1286.2,1303.3,228551,USD
11/4/2016,1303.2,1308.3,1295.7,1304.5,217452,USD
11/7/2016,1294.5,1296.5,1278.6,1279.4,221681,USD
11/8/2016,1282.2,1291.5,1273.3,1274.5,202504,USD
11/9/2016,1276.8,1338.3,1268.1,1273.5,816531,USD
11/10/2016,1278.4,1292.5,1251.9,1266.4,413555,USD
11/11/2016,1258.7,1265,1218.7,1224.3,444585,USD
11/14/2016,1227.7,1230.9,1211,1221.7,351968,USD
11/15/2016,1221.8,1231.4,1218.6,1224.5,234172,USD
11/16/2016,1228,1233.1,1221,1223.9,204454,USD
11/17/2016,1224.8,1231.1,1210.5,1216.9,237789,USD
11/18/2016,1216,1217.5,1201.3,1208.7,257109,USD
11/21/2016,1207.3,1217.8,1205.4,1209.8,167828,USD
11/22/2016,1213.5,1220.9,1205.6,1211.2,210554,USD
11/23/2016,1212.6,1214.7,1181.2,1189.3,367807,USD
11/24/2016,1189.4,1192.7,1170.3,1178.4,300283,USD
11/28/2016,1184.4,1197.2,1182.4,1190.8,189914,USD
11/29/2016,1196.6,1197.7,1182.6,1190.8,216185,USD
11/30/2016,1190.7,1196.8,1171.3,1173.9,249316,USD
12/1/2016,1175.1,1178.4,1162.2,1169.4,230283,USD
12/2/2016,1174.3,1180.3,1168.4,1177.8,175970,USD
12/5/2016,1182.6,1190.2,1158.6,1176.5,221458,USD
12/6/2016,1172.8,1177.1,1168.1,1170.1,137614,USD
12/7/2016,1171.4,1182.3,1167.2,1177.5,145807,USD
12/8/2016,1176.1,1180.7,1170.9,1172.4,147750,USD
12/9/2016,1172.5,1173.8,1157.6,1161.9,162823,USD
12/12/2016,1161.4,1167.9,1152.5,1165.8,166798,USD
12/13/2016,1164.5,1167,1156.3,1159,142850,USD
12/14/2016,1159.8,1168,1140,1163.7,214400,USD
12/15/2016,1143.8,1146,1124.3,1129.8,281607,USD
12/16/2016,1130.5,1143.2,1128.5,1137.4,178640,USD
12/19/2016,1136.1,1144.4,1135.5,1142.7,119183,USD
12/20/2016,1139.8,1141.7,1127.3,1133.6,146050,USD
12/21/2016,1134,1138.8,1131,1133.2,114055,USD
12/22/2016,1133.2,1135.5,1128.6,1130.7,120321,USD
12/23/2016,1130,1137.3,1129.5,1133.6,74795,USD
12/27/2016,1135.3,1151.7,1132.8,1138.8,108454,USD
12/28/2016,1139.3,1145.1,1137.1,1140.9,112510,USD
12/29/2016,1143.1,1160.6,1142.6,1158.1,158029,USD
12/30/2016,1159.5,1164.3,1150.3,1151.7,143849,USD
1/3/2017,1151.4,1166,1146.5,1162,229177,USD
1/4/2017,1159.6,1168.6,1156.7,1165.3,179878,USD
1/5/2017,1164.6,1185.9,1163.6,1181.3,272124,USD
1/6/2017,1181,1183.8,1171.1,1173.4,226432,USD
1/9/2017,1172.9,1186.4,1172.2,1184.9,179034,USD
1/10/2017,1181.3,1190.6,1180.2,1185.5,224813,USD
1/11/2017,1188.1,1198.5,1177,1196.6,328686,USD
1/12/2017,1191.1,1207.2,1190.7,1199.8,269319,USD
1/13/2017,1194.8,1201.8,1187.5,1196.2,288619,USD
1/16/2017,1199.4,1218.9,1198,1212.9,381417,USD
1/18/2017,1216.8,1217.7,1201.8,1212.1,203645,USD
1/19/2017,1203.1,1206.4,1195.4,1201.5,247403,USD
1/20/2017,1204.8,1214.8,1198.2,1204.9,244343,USD
1/23/2017,1209.3,1219.4,1209,1215.6,237411,USD
1/24/2017,1218,1220.1,1206.2,1210.8,216007,USD
1/25/2017,1208.6,1209.3,1192.6,1197.8,299179,USD
1/26/2017,1200.7,1202.3,1183.9,1189.8,244314,USD
1/27/2017,1191.4,1193.8,1182.6,1191.1,143606,USD
1/30/2017,1194.6,1201.3,1190,1196,191770,USD
1/31/2017,1197.7,1217.4,1195.6,1211.4,246904,USD
2/1/2017,1212.2,1215,1199.7,1208.3,217088,USD
2/2/2017,1211.2,1227.5,1210.2,1219.4,232060,USD
2/3/2017,1217.8,1223.2,1208.3,1220.8,217983,USD
2/6/2017,1221.9,1237.5,1220.8,1232.1,197324,USD
2/7/2017,1236.9,1237.5,1229.2,1236.1,202305,USD
2/8/2017,1235.2,1246.6,1231.3,1239.5,221914,USD
2/9/2017,1242.7,1246.2,1226.1,1236.8,246135,USD
2/10/2017,1229.6,1238.9,1222.6,1235.9,240052,USD
2/13/2017,1234.2,1234.4,1220.3,1225.8,176619,USD
2/14/2017,1226.1,1236,1222.7,1225.4,233752,USD
2/15/2017,1228.6,1234.9,1217.5,1233.1,226707,USD
2/16/2017,1234.3,1243.7,1233.3,1241.6,203786,USD
2/17/2017,1240.8,1245.1,1235.3,1239.1,164405,USD
2/20/2017,1236.4,1240.2,1226.8,1238.9,259507,USD
2/22/2017,1236.9,1241.9,1231.5,1233.3,201341,USD
2/23/2017,1238.3,1252.2,1236.4,1251.4,264971,USD
2/24/2017,1250.6,1261.2,1248.8,1258.3,220127,USD
2/27/2017,1258.9,1264.9,1251.5,1258.8,208488,USD
2/28/2017,1253.3,1259.3,1248.2,1253.9,234939,USD
3/1/2017,1248.5,1251.4,1237.2,1250,318035,USD
3/2/2017,1249.9,1250.8,1231.1,1232.9,272763,USD
3/3/2017,1234.8,1236.7,1223,1226.5,272293,USD
3/6/2017,1233.9,1237.3,1225,1225.5,156981,USD
3/7/2017,1225.7,1227.4,1214.1,1216.1,203709,USD
3/8/2017,1215.6,1218.5,1206.4,1209.4,211111,USD
3/9/2017,1207.7,1208.9,1199,1203.2,233510,USD
3/10/2017,1200.2,1206.2,1194.5,1201.4,257842,USD
3/13/2017,1205,1210.9,1202,1203.1,173917,USD
3/14/2017,1203.5,1207.5,1196.9,1202.6,183719,USD
3/15/2017,1198.7,1222,1196.8,1200.7,264336,USD
3/16/2017,1219.5,1234,1218.1,1227.1,257887,USD
3/17/2017,1226.2,1231.5,1224,1230.2,153151,USD
3/20/2017,1229,1235.5,1228.8,1234,126337,USD
3/21/2017,1234.2,1247.7,1226.6,1246.5,285634,USD
3/22/2017,1244.5,1251.5,1243.8,1249.7,216447,USD
3/23/2017,1248.6,1253.3,1242.7,1247.2,234768,USD
3/24/2017,1245,1251.9,1240.7,1248.5,207568,USD
3/27/2017,1245.5,1261,1245.5,1255.7,237274,USD
3/28/2017,1253.5,1258.4,1247.3,1255.6,243238,USD
3/29/2017,1250.8,1254.4,1246.9,1253.7,190678,USD
3/30/2017,1256.1,1256.5,1244.2,1248,217657,USD
3/31/2017,1244.6,1252.8,1241.5,1251.2,165212,USD
4/3/2017,1251.9,1255.9,1246.4,1254,142196,USD
4/4/2017,1255.5,1263.7,1255.5,1258.4,158364,USD
4/5/2017,1258.2,1259.3,1245.4,1248.5,236740,USD
4/6/2017,1257.6,1260.9,1251.3,1253.3,165264,USD
4/7/2017,1253.9,1273.3,1252.4,1257.3,375412,USD
4/10/2017,1255.6,1258.9,1248.2,1253.9,182195,USD
4/11/2017,1256.8,1277.4,1254.7,1274.2,292142,USD
4/12/2017,1277.2,1289,1273.8,1278.1,251097,USD
4/13/2017,1288.3,1290.7,1283.8,1288.5,235464,USD
4/17/2017,1292.4,1297.4,1283.1,1291.9,191665,USD
4/18/2017,1286.7,1294.4,1280.6,1294.1,280737,USD
4/19/2017,1291.7,1292.7,1275.4,1283.4,260702,USD
4/20/2017,1282.2,1285.2,1278,1283.8,245618,USD
4/21/2017,1283.3,1290.1,1280,1289.1,229598,USD
4/24/2017,1280,1280,1266,1277.5,302842,USD
4/25/2017,1277.9,1279.9,1262.8,1267.2,253774,USD
4/26/2017,1265.5,1272.8,1260.7,1264.2,241045,USD
4/27/2017,1270.2,1271.1,1261.8,1265.9,210731,USD
4/28/2017,1265.2,1269.9,1264.2,1268.3,173293,USD
5/1/2017,1269.6,1272.4,1254.9,1255.5,199783,USD
5/2/2017,1257.4,1258.8,1252.6,1257,181512,USD
5/3/2017,1257.8,1257.8,1236.4,1248.5,253653,USD
5/4/2017,1238.5,1241.7,1225.7,1228.6,318317,USD
5/5/2017,1228.5,1236,1226.2,1226.9,275886,USD
5/8/2017,1223.1,1236.9,1221,1227.1,201061,USD
5/9/2017,1226.6,1228.7,1214.3,1216.1,254020,USD
5/10/2017,1222.1,1225.8,1217.5,1218.9,194715,USD
5/11/2017,1219.2,1227.7,1216.9,1224.2,237710,USD
5/12/2017,1225,1231.6,1224.4,1227.7,199881,USD
5/15/2017,1228.3,1237.4,1226.8,1230,189226,USD
5/16/2017,1230.8,1239.1,1230,1236.4,204211,USD
5/17/2017,1237.2,1261.5,1236.3,1258.7,377872,USD
5/18/2017,1261.4,1265,1245.7,1252.8,368898,USD
5/19/2017,1246.8,1256.4,1246.1,1253.6,212923,USD
5/22/2017,1257.5,1262.6,1251.6,1261.4,205212,USD
5/23/2017,1260.4,1263.8,1250.5,1255.5,275112,USD
5/24/2017,1251.1,1258.8,1247.6,1253.1,257358,USD
5/25/2017,1258.4,1259.4,1253.5,1256.4,202847,USD
5/26/2017,1255.1,1269.3,1252.6,1268.1,271457,USD
5/29/2017,1271.2,1273.4,1261.8,1265.7,286212,USD
5/31/2017,1265.7,1276.8,1262,1275.4,204293,USD
6/1/2017,1271.6,1272.8,1263.7,1270.1,181198,USD
6/2/2017,1268,1282.2,1261.3,1280.2,272288,USD
6/5/2017,1282.6,1286,1280.2,1282.7,139801,USD
6/6/2017,1282.5,1298.8,1282.1,1297.5,257790,USD
6/7/2017,1297,1297.6,1285,1293.2,218849,USD
6/8/2017,1289.5,1291.5,1273.5,1279.5,257436,USD
6/9/2017,1283.5,1284.6,1266.7,1271.4,219214,USD
6/12/2017,1269.7,1272.4,1265.6,1268.9,173005,USD
6/13/2017,1267.7,1271,1260.5,1268.6,175599,USD
6/14/2017,1268.4,1284.2,1259,1275.9,348339,USD
6/15/2017,1262.7,1268.5,1252.7,1254.6,255149,USD
6/16/2017,1255.6,1258.6,1253.2,1256.5,149106,USD
6/19/2017,1255.8,1257.3,1244.3,1246.7,179650,USD
6/20/2017,1245.4,1249.4,1242.4,1243.5,185394,USD
6/21/2017,1243.9,1248.8,1241.7,1245.8,170459,USD
6/22/2017,1246.4,1256,1246.4,1249.4,187385,USD
6/23/2017,1250.9,1260,1250.6,1256.4,162670,USD
6/26/2017,1258.1,1259,1236.5,1246.4,227469,USD
6/27/2017,1245.2,1253.8,1241.8,1246.9,213423,USD
6/28/2017,1247.3,1255.7,1246.7,1249.1,195073,USD
6/29/2017,1249.6,1253.2,1239.7,1245.8,277752,USD
6/30/2017,1245.2,1248.2,1239,1242.3,222756,USD
7/3/2017,1241.7,1242.6,1218,1219.2,284449,USD
7/4/2017,1220.1,1228.4,1216.5,1221.7,366767,USD
7/6/2017,1226.5,1229.5,1221.8,1223.3,192211,USD
7/7/2017,1224.6,1228.1,1206.6,1209.7,322183,USD
7/10/2017,1212.1,1215,1204,1213.2,238256,USD
7/11/2017,1213.8,1217.1,1207.4,1214.7,217241,USD
7/12/2017,1216.5,1225.2,1212.5,1219.1,262766,USD
7/13/2017,1219.2,1223.6,1215.6,1217.3,227820,USD
7/14/2017,1216.4,1232.7,1214,1227.5,267441,USD
7/17/2017,1228.7,1235.4,1227.5,1233.7,174904,USD
7/18/2017,1233.3,1244.1,1232.2,1241.9,253189,USD
7/19/2017,1242,1243.5,1235.1,1242,198029,USD
7/20/2017,1240.6,1247.2,1234.6,1245.5,269021,USD
7/21/2017,1244.1,1255.9,1242.8,1254.9,240528,USD
7/24/2017,1255.5,1259,1252,1254.3,212881,USD
7/25/2017,1255.2,1258,1248.8,1252.1,230392,USD
7/26/2017,1250.3,1263.4,1243.2,1249.4,256115,USD
7/27/2017,1260.5,1265,1253.9,1260,220309,USD
7/28/2017,1265,1277,1263.2,1275.3,250893,USD
7/31/2017,1276.3,1277.3,1271.7,1273.4,165132,USD
8/1/2017,1275.6,1280.3,1268.4,1279.4,213543,USD
8/2/2017,1275.2,1279,1268.9,1278.4,210975,USD
8/3/2017,1272.6,1277,1262.9,1274.4,207024,USD
8/4/2017,1275.3,1276.5,1259.8,1264.6,270853,USD
8/7/2017,1264.3,1265.6,1261.3,1264.7,123206,USD
8/8/2017,1262.9,1271,1257.1,1262.6,247543,USD
8/9/2017,1266.1,1284.7,1265.9,1279.3,290974,USD
8/10/2017,1283.2,1293.8,1280.3,1290.1,269830,USD
8/11/2017,1292.5,1298.1,1286.7,1294,265329,USD
8/14/2017,1296.4,1296.4,1284.2,1290.4,238069,USD
8/15/2017,1287,1287.7,1272.7,1279.7,287561,USD
8/16/2017,1276.9,1289.5,1273.2,1282.9,273202,USD
8/17/2017,1290,1296,1286.4,1292.4,329842,USD
8/18/2017,1293.8,1306.9,1289.1,1291.6,396538,USD
8/21/2017,1289.1,1299.7,1286.2,1296.7,261478,USD
8/22/2017,1297.1,1298.1,1287,1291,268988,USD
8/23/2017,1290.4,1297,1287.9,1294.7,235686,USD
8/24/2017,1296,1296.8,1289.3,1292,246715,USD
8/25/2017,1291.3,1301.4,1281.3,1297.9,358607,USD
8/28/2017,1297.6,1317.8,1297,1315.3,321813,USD
8/29/2017,1320.5,1331.9,1310.6,1318.9,460450,USD
8/30/2017,1314.8,1319.3,1310.1,1314.1,460450,USD
8/31/2017,1314.1,1329,1302.3,1322.2,312013,USD
9/1/2017,1326.9,1334.5,1321.4,1330.4,376308,USD
9/4/2017,1339.7,1349.7,1331.1,1344.5,368173,USD
9/6/2017,1345,1347.7,1336.4,1339,309352,USD
9/7/2017,1339,1355.5,1337.2,1350.3,363776,USD
9/8/2017,1354,1362.4,1347.1,1351.2,386646,USD
9/11/2017,1341.5,1344.6,1330.6,1335.7,303112,USD
9/12/2017,1331.7,1336.3,1326.7,1332.7,287754,USD
9/13/2017,1336.2,1340.5,1324.5,1328,306373,USD
9/14/2017,1327.6,1334.9,1319.5,1329.3,336576,USD
9/15/2017,1333.7,1338.2,1323,1325.2,320508,USD
9/18/2017,1324,1324,1308.1,1310.8,271326,USD
9/19/2017,1310.5,1315.3,1308.7,1310.6,275307,USD
9/20/2017,1314.7,1319.8,1299.5,1316.4,351415,USD
9/21/2017,1304.8,1305,1291.2,1294.8,402214,USD
9/22/2017,1294.1,1301.9,1294.1,1297.5,264470,USD
9/25/2017,1301.5,1315.8,1291.7,1311.5,362671,USD
9/26/2017,1314.2,1317.1,1295,1301.7,385645,USD
9/27/2017,1297.3,1299.2,1284.1,1287.8,374773,USD
9/28/2017,1285.1,1291.6,1280.4,1288.7,288511,USD
9/29/2017,1290.1,1293.2,1278.2,1284.8,287446,USD
10/2/2017,1282.2,1282.8,1272,1275.8,272706,USD
10/3/2017,1273.1,1277.4,1271,1274.6,207422,USD
10/4/2017,1274.5,1285,1273.1,1276.8,273119,USD
10/5/2017,1277.5,1281.6,1268.5,1273.2,221522,USD
10/6/2017,1270.6,1279.2,1262.8,1274.9,373753,USD
10/9/2017,1278.6,1288,1277.7,1285,200991,USD
10/10/2017,1286.8,1296.7,1284.6,1293.8,316581,USD
10/11/2017,1290.7,1295.9,1286.8,1288.9,261355,USD
10/12/2017,1294.6,1299.8,1291.8,1296.5,246084,USD
10/13/2017,1296,1306.4,1292.9,1304.6,297569,USD
10/16/2017,1306,1308.4,1292.5,1303,271283,USD
10/17/2017,1297.2,1298.4,1283.2,1286.2,342411,USD
10/18/2017,1286.9,1290.8,1278.6,1283,258543,USD
10/19/2017,1282.8,1292.8,1277.6,1290,355713,USD
10/20/2017,1292,1292.9,1279.3,1280.5,314805,USD
10/23/2017,1281.5,1284.7,1273.6,1280.9,284480,USD
10/24/2017,1283.9,1285.3,1274.8,1278.3,268907,USD
10/25/2017,1278,1281.3,1272,1279,379396,USD
10/26/2017,1278.6,1283.8,1266.4,1269.6,384122,USD
10/27/2017,1268,1275.2,1263.8,1271.8,363096,USD
10/30/2017,1274.3,1279.9,1269.8,1277.7,260077,USD
10/31/2017,1277.6,1279.1,1268.3,1270.5,272513,USD
11/1/2017,1271.8,1281.9,1268.5,1277.3,384642,USD
11/2/2017,1275.2,1285.1,1274,1278.1,380142,USD
11/3/2017,1277.5,1281.2,1265.9,1269.2,373412,USD
11/6/2017,1270.7,1283.9,1266.4,1281.6,354770,USD
11/7/2017,1282.6,1282.8,1272.3,1275.8,337265,USD
11/8/2017,1276.4,1288.1,1276.1,1283.7,358132,USD
11/9/2017,1282.1,1289.5,1280.5,1287.5,394181,USD
11/10/2017,1286,1287.7,1273.6,1274.2,354580,USD
11/13/2017,1275.3,1279.9,1274.4,1278.9,220906,USD
11/14/2017,1278.9,1283.8,1269.7,1282.9,355197,USD
11/15/2017,1280.7,1290,1276.5,1277.7,433647,USD
11/16/2017,1278,1281.8,1274.9,1278.2,274425,USD
11/17/2017,1278.8,1297.5,1278.1,1296.5,387015,USD
11/20/2017,1294.1,1295.1,1274.1,1275.3,425159,USD
11/21/2017,1276.6,1284.5,1275.8,1281.7,330147,USD
11/22/2017,1280.6,1294.6,1278.6,1292.2,390311,USD
11/23/2017,1291.9,1293.3,1285.1,1287.3,347029,USD
11/27/2017,1288,1299,1286.2,1294.4,321348,USD
11/28/2017,1293.9,1297,1290.1,1294.9,275442,USD
11/29/2017,1298,1300.4,1285.1,1286.2,392057,USD
11/30/2017,1286.9,1288.4,1273.1,1276.7,354076,USD
12/1/2017,1277.9,1292.5,1274.2,1282.3,438931,USD
12/4/2017,1277.6,1280.5,1273.5,1277.7,262068,USD
12/5/2017,1279.1,1279.8,1263.2,1264.9,334825,USD
12/6/2017,1268.3,1271.8,1264.8,1266.1,253049,USD
12/7/2017,1265.2,1266.8,1245.8,1253.1,326470,USD
12/8/2017,1249.5,1254.4,1244.4,1248.4,277056,USD
12/11/2017,1249.2,1253.4,1242.4,1246.9,194377,USD
12/12/2017,1243.9,1247.9,1238.3,1241.7,232769,USD
12/13/2017,1246.3,1259.7,1242.3,1248.6,324220,USD
12/14/2017,1258.1,1261.6,1252.8,1257.1,264708,USD
12/15/2017,1255.5,1264.5,1255.2,1257.5,246113,USD
12/18/2017,1257.8,1267,1255.3,1265.5,214218,USD
12/19/2017,1265.4,1268.6,1262.3,1264.2,206586,USD
12/20/2017,1264.8,1271.4,1264.4,1269.6,205618,USD
12/21/2017,1268.8,1272.5,1266,1270.6,196539,USD
12/22/2017,1270.3,1280.4,1268.4,1278.8,193025,USD
12/26/2017,1279,1288.4,1277.7,1287.5,134618,USD
12/27/2017,1287.8,1293.2,1286,1291.4,205799,USD
12/28/2017,1292,1297.3,1290.5,1297.2,225664,USD
12/29/2017,1297.5,1309.8,1296.1,1309.3,241274,USD
1/2/2018,1305.3,1320.4,1304.6,1316.1,279727,USD
1/3/2018,1319,1323,1308.9,1318.5,353457,USD
1/4/2018,1315.5,1327.3,1307.1,1321.6,369850,USD
1/5/2018,1324.4,1324.7,1314.6,1322.3,330225,USD
1/8/2018,1321.8,1323,1315.7,1320.4,246086,USD
1/9/2018,1321.2,1321.4,1309.5,1313.7,333529,USD
1/10/2018,1313.3,1328.6,1308.9,1319.3,391661,USD
1/11/2018,1317.5,1324.7,1316.1,1322.5,264301,USD
1/12/2018,1323.6,1340,1320.8,1334.9,365195,USD
1/15/2018,1337.3,1345,1332.1,1337.1,499759,USD
1/17/2018,1339,1344.5,1326.6,1339.2,365867,USD
1/18/2018,1327.4,1333.3,1324.3,1327.2,312113,USD
1/19/2018,1327,1338.2,1326.6,1333.1,275299,USD
1/22/2018,1334,1335.8,1328,1331.9,337481,USD
1/23/2018,1333,1341.5,1330.7,1336.7,370174,USD
1/24/2018,1341.4,1361.6,1339.1,1356.3,505627,USD
1/25/2018,1357,1365.4,1341,1362.9,537659,USD
1/26/2018,1346.4,1356,1343.7,1352.1,341962,USD
1/29/2018,1349,1351.4,1336.1,1340.3,280546,USD
1/30/2018,1344,1352.5,1337.5,1340,412518,USD
1/31/2018,1341.8,1351,1335.5,1343.1,377142,USD
2/1/2018,1348.2,1354.3,1340.2,1347.9,310504,USD
2/2/2018,1352.2,1353.3,1330.1,1337.3,431414,USD
2/5/2018,1334.6,1344.8,1331.6,1336.5,305677,USD
2/6/2018,1343.1,1349.3,1322.8,1329.5,473350,USD
2/7/2018,1326.6,1334.8,1313.5,1314.6,351230,USD
2/8/2018,1320.7,1324.5,1309,1319,365934,USD
2/9/2018,1321,1325,1313.2,1315.7,317671,USD
2/12/2018,1317.1,1330,1316.3,1326.4,208066,USD
2/13/2018,1325,1333.5,1323.7,1330.4,201432,USD
2/14/2018,1331.9,1358.6,1319.1,1358,431722,USD
2/15/2018,1353,1359.8,1350.8,1355.3,274926,USD
2/16/2018,1356.6,1364.4,1347.3,1356.2,230899,USD
2/19/2018,1350.2,1354,1330.6,1331.2,374047,USD
2/21/2018,1331.2,1338.5,1324.4,1332.1,255616,USD
2/22/2018,1326.2,1334.4,1322.9,1332.7,206244,USD
2/23/2018,1333.7,1334.2,1327.7,1330.3,167847,USD
2/26/2018,1330.4,1342.9,1328,1332.8,247243,USD
2/27/2018,1334.7,1338.4,1314.4,1318.6,334717,USD
2/28/2018,1318.9,1323.7,1316.7,1317.9,263797,USD
3/1/2018,1319.3,1322.3,1303.6,1305.2,421743,USD
3/2/2018,1318,1326.6,1316.2,1323.4,264391,USD
3/5/2018,1324.9,1328.9,1318.3,1319.9,221216,USD
3/6/2018,1321,1339.9,1320.8,1335.2,285918,USD
3/7/2018,1339.5,1342,1323,1327.6,305077,USD
3/8/2018,1326.2,1329.8,1319.6,1321.7,252829,USD
3/9/2018,1322.7,1325.9,1313.2,1324,345316,USD
3/12/2018,1324.1,1325,1315.3,1320.8,220355,USD
3/13/2018,1323.3,1328.8,1313.8,1327.1,330263,USD
3/14/2018,1326.7,1330.5,1321.7,1325.6,252583,USD
3/15/2018,1324.7,1328.1,1314.9,1317.8,257888,USD
3/16/2018,1316.8,1321.8,1309.5,1312.3,289601,USD
3/19/2018,1312.9,1319.6,1307.4,1317.8,300474,USD
3/20/2018,1316.5,1318.1,1306.6,1311.9,292332,USD
3/21/2018,1310.6,1336.9,1309.5,1321.5,470286,USD
3/22/2018,1332,1335,1324.6,1327.4,358556,USD
3/23/2018,1329,1350.4,1328.9,1349.9,454126,USD
3/26/2018,1347,1356,1343.4,1355,346047,USD
3/27/2018,1353.6,1356.8,1339.6,1342,290889,USD
3/28/2018,1345,1346.4,1322.4,1324.2,59284,USD
3/29/2018,1329.3,1332.6,1325.4,1327.3,251250,USD
4/2/2018,1330.7,1349.2,1329,1346.9,254663,USD
4/3/2018,1345,1346.6,1332.7,1337.3,288392,USD
4/4/2018,1336.7,1352.5,1335.2,1340.2,351033,USD
4/5/2018,1337.1,1338.7,1326,1328.5,280395,USD
4/6/2018,1329.7,1339.1,1322.6,1336.1,373574,USD
4/9/2018,1338,1341.5,1330.1,1340.1,228812,USD
4/10/2018,1339.8,1346.2,1334.2,1345.9,285177,USD
4/11/2018,1343.1,1369.4,1342.5,1360,492037,USD
4/12/2018,1356.3,1356.7,1336.7,1341.9,397621,USD
4/13/2018,1337.6,1350.3,1335.5,1347.9,265398,USD
4/16/2018,1349.8,1353.5,1342.8,1350.7,269549,USD
4/17/2018,1349.1,1352.2,1340.2,1349.5,276632,USD
4/18/2018,1350.4,1359,1345,1353.5,311371,USD
4/19/2018,1352.4,1357.7,1343.2,1348.8,342542,USD
4/20/2018,1348.5,1348.9,1337,1338.3,282920,USD
4/23/2018,1336.2,1337.6,1323.8,1324,294254,USD
4/24/2018,1326.1,1334.5,1323.6,1333,277648,USD
4/25/2018,1332,1333.8,1320.2,1322.8,269901,USD
4/26/2018,1324.2,1328,1316.2,1317.9,295688,USD
4/27/2018,1318,1326.4,1315.8,1323.4,241653,USD
4/30/2018,1324,1325.9,1310.7,1319.2,295960,USD
5/1/2018,1316,1317.4,1302.3,1306.8,283431,USD
5/2/2018,1304.4,1314.9,1304.3,1305.6,370242,USD
5/3/2018,1305.5,1319,1305.2,1312.7,306718,USD
5/4/2018,1312.8,1316.9,1308.5,1314.7,308476,USD
5/7/2018,1316.3,1320.1,1310.6,1314.1,235292,USD
5/8/2018,1314.1,1318.5,1306.2,1313.7,407409,USD
5/9/2018,1315.3,1317.8,1304.2,1313,384042,USD
5/10/2018,1312.8,1323.4,1310.6,1322.3,373535,USD
5/11/2018,1321.8,1326.3,1317,1320.7,263471,USD
5/14/2018,1318.3,1322.4,1312.8,1318.2,241225,USD
5/15/2018,1313.2,1314.7,1288.2,1290.3,485197,USD
5/16/2018,1290.1,1296.4,1285.7,1291.5,333614,USD
5/17/2018,1290.2,1294,1284,1289.4,298816,USD
5/18/2018,1290,1293.7,1285.1,1291.3,264426,USD
5/21/2018,1290.3,1292.7,1281.2,1290.9,328016,USD
5/22/2018,1292.3,1296,1287.2,1292,291716,USD
5/23/2018,1290.6,1298.4,1286.7,1289.6,402342,USD
5/24/2018,1293.3,1306.4,1292.2,1304.4,432419,USD
5/25/2018,1304,1307.2,1299.4,1303.7,292912,USD
5/28/2018,1297.2,1306.1,1291.4,1299,386334,USD
5/30/2018,1303.1,1308.8,1300,1306.5,338847,USD
5/31/2018,1306,1311.5,1301,1304.7,315137,USD
6/1/2018,1303,1304.8,1293.1,1299.3,318565,USD
6/4/2018,1296.7,1302.3,1293.8,1297.3,215328,USD
6/5/2018,1296.4,1304.8,1293.5,1302.2,271294,USD
6/6/2018,1300.6,1306.1,1297.7,1301.4,252054,USD
6/7/2018,1300.9,1307.8,1299,1303,259648,USD
6/8/2018,1301.3,1304.8,1296,1302.7,217650,USD
6/11/2018,1303.5,1307,1297.8,1303.2,211583,USD
6/12/2018,1304.5,1304.8,1296.3,1299.4,236393,USD
6/13/2018,1299.6,1305.2,1294.5,1301.3,263840,USD
6/14/2018,1303.1,1313,1301,1308.3,347193,USD
6/15/2018,1303.1,1313,1277.9,1278.5,525960,USD
6/18/2018,1281.1,1284.9,1279.5,1280.1,195743,USD
6/19/2018,1280.7,1286.8,1272.6,1278.6,289574,USD
6/20/2018,1277.3,1278.6,1269.6,1274.5,233184,USD
6/21/2018,1269.7,1272.3,1262.4,1270.5,281809,USD
6/22/2018,1268.6,1273.1,1268.4,1270.7,184223,USD
6/25/2018,1272.2,1274.4,1265.5,1268.9,201565,USD
6/26/2018,1267.3,1269.4,1256.4,1259.9,254014,USD
6/27/2018,1260.5,1261.9,1252.2,1256.1,256900,USD
6/28/2018,1253.6,1255.8,1247.2,1251,241824,USD
6/29/2018,1249.5,1257.1,1246.9,1254.5,226196,USD
7/2/2018,1253.4,1255.6,1240.6,1241.7,262872,USD
7/3/2018,1242.9,1258.5,1238.8,1253.5,297343,USD
7/4/2018,1257.7,1261,1252.2,1258.8,392947,USD
